Handle,Title,Body (HTML),Vendor,Type,Tags,Published,Variant Price,Image Src
romance,Romance,,,,,TRUE,Â£56.43,
red-dragon-hannibal-lecter-1,Red Dragon (Hannibal Lecter #1),,,,,TRUE,Â£23.37,
it,It,,,,,TRUE,Â£25.01,
the-bhagavad-gita,The Bhagavad Gita,,,,,TRUE,Â£57.49,
academic,Academic,,,,,TRUE,Â£13.12,
codename-baboushka-volume-1-the-conclave-of-death,"Codename Baboushka, Volume 1: The Conclave of Death",,,,,TRUE,Â£36.72,
most-blessed-of-the-patriarchs-thomas-jefferson-and-the-empire-of-the-imagination,"""Most Blessed of the Patriarchs"": Thomas Jefferson and the Empire of the Imagination",,,,,TRUE,Â£44.48,
the-edge-of-reason-bridget-jones-2,The Edge of Reason (Bridget Jones #2),,,,,TRUE,Â£19.18,
quench-your-own-thirst-business-lessons-learned-over-a-beer-or-two,Quench Your Own Thirst: Business Lessons Learned Over a Beer or Two,,,,,TRUE,Â£43.14,
the-hound-of-the-baskervilles-sherlock-holmes-5,The Hound of the Baskervilles (Sherlock Holmes #5),,,,,TRUE,Â£14.82,
god-the-most-unpleasant-character-in-all-fiction,God: The Most Unpleasant Character in All Fiction,,,,,TRUE,Â£30.03,
the-power-of-now-a-guide-to-spiritual-enlightenment,The Power of Now: A Guide to Spiritual Enlightenment,,,,,TRUE,Â£43.54,
sequential-art,Sequential Art,,,,,TRUE,Â£52.29,
m-train,M Train,,,,,TRUE,Â£27.18,
historical-fiction,Historical Fiction,,,,,TRUE,Â£53.74,
fantasy,Fantasy,,,,,TRUE,Â£18.78,
meternity,Meternity,,,,,TRUE,Â£43.58,
grey-fifty-shades-4,Grey (Fifty Shades #4),,,,,TRUE,Â£48.49,
old-records-never-die-one-man-s-quest-for-his-vinyl-and-his-past,Old Records Never Die: One Man's Quest for His Vinyl and His Past,,,,,TRUE,Â£55.66,
animal-farm,Animal Farm,,,,,TRUE,Â£57.22,
overload-how-to-unplug-unwind-and-unleash-yourself-from-the-pressure-of-stress,"Overload: How to Unplug, Unwind, and Unleash Yourself from the Pressure of Stress",,,,,TRUE,Â£52.15,
the-origin-of-species,The Origin of Species,,,,,TRUE,Â£10.01,
paranormal,Paranormal,,,,,TRUE,Â£15.40,
the-metamorphosis,The Metamorphosis,,,,,TRUE,Â£28.58,
settling-the-score-the-summer-games-1,Settling the Score (The Summer Games #1),,,,,TRUE,Â£44.91,
sense-and-sensibility,Sense and Sensibility,,,,,TRUE,Â£37.46,
the-most-perfect-thing-inside-and-outside-a-bird-s-egg,The Most Perfect Thing: Inside (and Outside) a Bird's Egg,,,,,TRUE,Â£42.96,
wall-and-piece,Wall and Piece,,,,,TRUE,Â£44.18,
unicorn-tracks,Unicorn Tracks,,,,,TRUE,Â£18.78,
sharp-objects,Sharp Objects,,,,,TRUE,Â£47.82,
horror,Horror,,,,,TRUE,Â£39.25,
and-then-there-were-none,And Then There Were None,,,,,TRUE,Â£35.01,
little-red,Little Red,,,,,TRUE,Â£13.47,
mesaerion-the-best-science-fiction-stories-1800-1849,Mesaerion: The Best Science Fiction Stories 1800-1849,,,,,TRUE,Â£37.59,
twenties-girl,Twenties Girl,,,,,TRUE,Â£42.80,
the-faith-of-christopher-hitchens-the-restless-soul-of-the-world-s-most-notorious-atheist,The Faith of Christopher Hitchens: The Restless Soul of the World's Most Notorious Atheist,,,,,TRUE,Â£39.55,
immunity-how-elie-metchnikoff-changed-the-course-of-modern-medicine,Immunity: How Elie Metchnikoff Changed the Course of Modern Medicine,,,,,TRUE,Â£57.36,
boar-island-anna-pigeon-19,Boar Island (Anna Pigeon #19),,,,,TRUE,Â£59.48,
set-me-free,Set Me Free,,,,,TRUE,Â£17.46,
the-long-shadow-of-small-ghosts-murder-and-memory-in-an-american-city,The Long Shadow of Small Ghosts: Murder and Memory in an American City,,,,,TRUE,Â£10.97,
obsidian-lux-1,Obsidian (Lux #1),,,,,TRUE,Â£14.86,
the-project,The Project,,,,,TRUE,Â£10.65,
approval-junkie-adventures-in-caring-too-much,Approval Junkie: Adventures in Caring Too Much,,,,,TRUE,Â£58.81,
a-world-of-flavor-your-gluten-free-passport,A World of Flavor: Your Gluten Free Passport,,,,,TRUE,Â£42.95,
forever-rockers-the-rocker-12,Forever Rockers (The Rocker #12),,,,,TRUE,Â£28.80,
the-little-prince,The Little Prince,,,,,TRUE,Â£45.42,
the-star-touched-queen,The Star-Touched Queen,,,,,TRUE,Â£46.02,
historical,Historical,,,,,TRUE,Â£29.87,
the-14th-colony-cotton-malone-11,The 14th Colony (Cotton Malone #11),,,,,TRUE,Â£39.24,
voyager-outlander-3,Voyager (Outlander #3),,,,,TRUE,Â£21.07,
a-short-history-of-nearly-everything,A Short History of Nearly Everything,,,,,TRUE,Â£52.40,
benjamin-franklin-an-american-life,Benjamin Franklin: An American Life,,,,,TRUE,Â£48.19,
when-you-are-engulfed-in-flames,When You Are Engulfed in Flames,,,,,TRUE,Â£30.89,
behind-closed-doors,Behind Closed Doors,,,,,TRUE,Â£52.22,
camp-midnight,Camp Midnight,,,,,TRUE,Â£17.08,
history,History,,,,,TRUE,Â£54.23,
hyperbole-and-a-half-unfortunate-situations-flawed-coping-mechanisms-mayhem-and-other-things-that-happened,"Hyperbole and a Half: Unfortunate Situations, Flawed Coping Mechanisms, Mayhem, and Other Things That Happened",,,,,TRUE,Â£14.75,
the-rise-and-fall-of-the-third-reich-a-history-of-nazi-germany,The Rise and Fall of the Third Reich: A History of Nazi Germany,,,,,TRUE,Â£39.67,
this-is-where-it-ends,This Is Where It Ends,,,,,TRUE,Â£27.12,
in-her-wake,In Her Wake,,,,,TRUE,Â£12.84,
can-you-keep-a-secret-fear-street-relaunch-4,Can You Keep a Secret? (Fear Street Relaunch #4),,,,,TRUE,Â£48.64,
the-art-of-startup-fundraising,The Art of Startup Fundraising,,,,,TRUE,Â£21.00,
the-mathews-men-seven-brothers-and-the-war-against-hitler-s-u-boats,The Mathews Men: Seven Brothers and the War Against Hitler's U-boats,,,,,TRUE,Â£42.91,
autobiography,Autobiography,,,,,TRUE,Â£10.93,
soul-reader,Soul Reader,,,,,TRUE,Â£39.58,
something-borrowed-darcy-rachel-1,Something Borrowed (Darcy & Rachel #1),,,,,TRUE,Â£48.96,
chase-me-paris-nights-2,Chase Me (Paris Nights #2),,,,,TRUE,Â£25.27,
orchestra-of-exiles-the-story-of-bronislaw-huberman-the-israel-philharmonic-and-the-one-thousand-jews-he-saved-from-nazi-horrors,"Orchestra of Exiles: The Story of Bronislaw Huberman, the Israel Philharmonic, and the One Thousand Jews He Saved from Nazi Horrors",,,,,TRUE,Â£12.36,
biography,Biography,,,,,TRUE,Â£16.85,
lamb-the-gospel-according-to-biff-christ-s-childhood-pal,"Lamb: The Gospel According to Biff, Christ's Childhood Pal",,,,,TRUE,Â£55.50,
the-electric-pencil-drawings-from-inside-state-hospital-no-3,The Electric Pencil: Drawings from Inside State Hospital No. 3,,,,,TRUE,Â£56.06,
mrs-houdini,Mrs. Houdini,,,,,TRUE,Â£30.25,
eat-fat-get-thin,"Eat Fat, Get Thin",,,,,TRUE,Â£54.07,
add-a-comment,Add a comment,,,,,TRUE,Â£19.09,
black-dust,Black Dust,,,,,TRUE,Â£34.53,
a-time-of-torment-charlie-parker-14,A Time of Torment (Charlie Parker #14),,,,,TRUE,Â£48.35,
peak-secrets-from-the-new-science-of-expertise,Peak: Secrets from the New Science of Expertise,,,,,TRUE,Â£16.28,
mr-mercedes-bill-hodges-trilogy-1,Mr. Mercedes (Bill Hodges Trilogy #1),,,,,TRUE,Â£28.90,
sorting-the-beef-from-the-bull-the-science-of-food-fraud-forensics,Sorting the Beef from the Bull: The Science of Food Fraud Forensics,,,,,TRUE,Â£44.74,
the-darkest-lie,The Darkest Lie,,,,,TRUE,Â£35.35,
why-the-right-went-wrong-conservatism-from-goldwater-to-the-tea-party-and-beyond,Why the Right Went Wrong: Conservatism--From Goldwater to the Tea Party and Beyond,,,,,TRUE,Â£52.65,
born-for-this-how-to-find-the-work-you-were-meant-to-do,Born for This: How to Find the Work You Were Meant to Do,,,,,TRUE,Â£21.59,
deliciously-ella-every-day-quick-and-easy-recipes-for-gluten-free-snacks-packed-lunches-and-simple-meals,"Deliciously Ella Every Day: Quick and Easy Recipes for Gluten-Free Snacks, Packed Lunches, and Simple Meals",,,,,TRUE,Â£42.16,
poetry,Poetry,,,,,TRUE,Â£51.77,
unseen-city-the-majesty-of-pigeons-the-discreet-charm-of-snails-other-wonders-of-the-urban-wilderness,"Unseen City: The Majesty of Pigeons, the Discreet Charm of Snails & Other Wonders of the Urban Wilderness",,,,,TRUE,Â£44.18,
spirituality,Spirituality,,,,,TRUE,Â£17.66,
childrens,Childrens,,,,,TRUE,Â£16.26,
danganronpa-volume-1,Danganronpa Volume 1,,,,,TRUE,Â£51.99,
hollow-city-miss-peregrine-s-peculiar-children-2,Hollow City (Miss Peregrineâs Peculiar Children #2),,,,,TRUE,Â£42.98,
someone-like-you-the-harrisons-2,Someone Like You (The Harrisons #2),,,,,TRUE,Â£52.79,
the-nameless-city-the-nameless-city-1,The Nameless City (The Nameless City #1),,,,,TRUE,Â£38.16,
saga-volume-5-saga-collected-editions-5,"Saga, Volume 5 (Saga (Collected Editions) #5)",,,,,TRUE,Â£51.04,
me-talk-pretty-one-day,Me Talk Pretty One Day,,,,,TRUE,Â£57.60,
you-are-what-you-love-the-spiritual-power-of-habit,You Are What You Love: The Spiritual Power of Habit,,,,,TRUE,Â£21.87,
alice-in-wonderland-alice-s-adventures-in-wonderland-1,Alice in Wonderland (Alice's Adventures in Wonderland #1),,,,,TRUE,Â£55.53,
the-road-to-little-dribbling-adventures-of-an-american-in-britain-notes-from-a-small-island-2,The Road to Little Dribbling: Adventures of an American in Britain (Notes From a Small Island #2),,,,,TRUE,Â£23.21,
christian-fiction,Christian Fiction,,,,,TRUE,Â£20.47,
the-travelers,The Travelers,,,,,TRUE,Â£15.77,
everydata-the-misinformation-hidden-in-the-little-data-you-consume-every-day,Everydata: The Misinformation Hidden in the Little Data You Consume Every Day,,,,,TRUE,Â£54.35,
my-paris-kitchen-recipes-and-stories,My Paris Kitchen: Recipes and Stories,,,,,TRUE,Â£33.37,
young-adult,Young Adult,,,,,TRUE,Â£54.65,
the-girl-with-all-the-gifts,The Girl with All the Gifts,,,,,TRUE,Â£49.47,
everyday-italian-125-simple-and-delicious-recipes,Everyday Italian: 125 Simple and Delicious Recipes,,,,,TRUE,Â£20.10,
young-adult,Young Adult,,,,,TRUE,Â£22.65,
political-suicide-missteps-peccadilloes-bad-calls-backroom-hijinx-sordid-pasts-rotten-breaks-and-just-plain-dumb-mistakes-in-the-annals-of-american-politics,"Political Suicide: Missteps, Peccadilloes, Bad Calls, Backroom Hijinx, Sordid Pasts, Rotten Breaks, and Just Plain Dumb Mistakes in the Annals of American Politics",,,,,TRUE,Â£36.28,
beowulf,Beowulf,,,,,TRUE,Â£38.35,
vagabonding-an-uncommon-guide-to-the-art-of-long-term-world-travel,Vagabonding: An Uncommon Guide to the Art of Long-Term World Travel,,,,,TRUE,Â£36.94,
throwing-rocks-at-the-google-bus-how-growth-became-the-enemy-of-prosperity,Throwing Rocks at the Google Bus: How Growth Became the Enemy of Prosperity,,,,,TRUE,Â£31.12,
the-new-drawing-on-the-right-side-of-the-brain,The New Drawing on the Right Side of the Brain,,,,,TRUE,Â£43.02,
proofs-of-god-classical-arguments-from-tertullian-to-barth,Proofs of God: Classical Arguments from Tertullian to Barth,,,,,TRUE,Â£54.21,
can-you-keep-a-secret,Can You Keep a Secret?,,,,,TRUE,Â£21.94,
the-last-mile-amos-decker-2,The Last Mile (Amos Decker #2),,,,,TRUE,Â£54.21,
scott-pilgrim-s-precious-little-life-scott-pilgrim-1,Scott Pilgrim's Precious Little Life (Scott Pilgrim #1),,,,,TRUE,Â£52.29,
you-can-t-bury-them-all-poems,You can't bury them all: Poems,,,,,TRUE,Â£33.63,
killing-floor-jack-reacher-1,Killing Floor (Jack Reacher #1),,,,,TRUE,Â£31.49,
the-complete-stories-and-poems-the-works-of-edgar-allan-poe-cameo-edition,The Complete Stories and Poems (The Works of Edgar Allan Poe [Cameo Edition]),,,,,TRUE,Â£26.78,
lumberjanes-vol-2-friendship-to-the-max-lumberjanes-5-8,"Lumberjanes, Vol. 2: Friendship to the Max (Lumberjanes #5-8)",,,,,TRUE,Â£46.91,
the-inefficiency-assassin-time-management-tactics-for-working-smarter-not-longer,"The Inefficiency Assassin: Time Management Tactics for Working Smarter, Not Longer",,,,,TRUE,Â£20.59,
les-fleurs-du-mal,Les Fleurs du Mal,,,,,TRUE,Â£29.04,
salem-s-lot,'Salem's Lot,,,,,TRUE,Â£49.56,
the-vacationers,The Vacationers,,,,,TRUE,Â£42.15,
icing-aces-hockey-2,Icing (Aces Hockey #2),,,,,TRUE,Â£40.44,
what-happened-on-beale-street-secrets-of-the-south-mysteries-2,What Happened on Beale Street (Secrets of the South Mysteries #2),,,,,TRUE,Â£25.37,
the-girl-you-left-behind-the-girl-you-left-behind-1,The Girl You Left Behind (The Girl You Left Behind #1),,,,,TRUE,Â£15.79,
all-products,All products,,,,,TRUE,Â£12.84,
nonfiction,Nonfiction,,,,,TRUE,Â£40.30,
old-school-diary-of-a-wimpy-kid-10,Old School (Diary of a Wimpy Kid #10),,,,,TRUE,Â£11.83,
holidays-on-ice,Holidays on Ice,,,,,TRUE,Â£51.07,
the-book-of-mormon,The Book of Mormon,,,,,TRUE,Â£24.57,
beyond-good-and-evil,Beyond Good and Evil,,,,,TRUE,Â£43.38,
the-emerald-mystery,The Emerald Mystery,,,,,TRUE,Â£23.15,
saga-volume-6-saga-collected-editions-6,"Saga, Volume 6 (Saga (Collected Editions) #6)",,,,,TRUE,Â£25.02,
the-secret-of-dreadwillow-carse,The Secret of Dreadwillow Carse,,,,,TRUE,Â£56.13,
8-keys-to-mental-health-through-exercise,8 Keys to Mental Health Through Exercise,,,,,TRUE,Â£31.04,
the-love-and-lemons-cookbook-an-apple-to-zucchini-celebration-of-impromptu-cooking,The Love and Lemons Cookbook: An Apple-to-Zucchini Celebration of Impromptu Cooking,,,,,TRUE,Â£37.60,
avatar-the-last-airbender-smoke-and-shadow-part-3-smoke-and-shadow-3,"Avatar: The Last Airbender: Smoke and Shadow, Part 3 (Smoke and Shadow #3)",,,,,TRUE,Â£28.09,
off-the-hook-fishing-for-trouble-1,Off the Hook (Fishing for Trouble #1),,,,,TRUE,Â£47.67,
running-with-scissors,Running with Scissors,,,,,TRUE,Â£12.91,
a-light-in-the-attic,A Light in the Attic,,,,,TRUE,Â£51.77,
sit-stay-love,"Sit, Stay, Love",,,,,TRUE,Â£20.90,
all-the-light-we-cannot-see,All the Light We Cannot See,,,,,TRUE,Â£29.87,
neither-here-nor-there-travels-in-europe,Neither Here nor There: Travels in Europe,,,,,TRUE,Â£38.95,
a-series-of-catastrophes-and-miracles-a-true-story-of-love-science-and-cancer,"A Series of Catastrophes and Miracles: A True Story of Love, Science, and Cancer",,,,,TRUE,Â£56.48,
soft-apocalypse,Soft Apocalypse,,,,,TRUE,Â£26.12,
self-help,Self Help,,,,,TRUE,Â£46.35,
the-house-by-the-lake,The House by the Lake,,,,,TRUE,Â£36.95,
slow-states-of-collapse-poems,Slow States of Collapse: Poems,,,,,TRUE,Â£57.31,
surely-you-re-joking-mr-feynman-adventures-of-a-curious-character,"Surely You're Joking, Mr. Feynman!: Adventures of a Curious Character",,,,,TRUE,Â£25.83,
the-cookies-cups-cookbook-125-sweet-savory-recipes-reminding-you-to-always-eat-dessert-first,The Cookies & Cups Cookbook: 125+ sweet & savory recipes reminding you to Always Eat Dessert First,,,,,TRUE,Â£41.25,
the-story-of-hong-gildong,The Story of Hong Gildong,,,,,TRUE,Â£43.19,
mama-tried-traditional-italian-cooking-for-the-screwed-crude-vegan-and-tattooed,"Mama Tried: Traditional Italian Cooking for the Screwed, Crude, Vegan, and Tattooed",,,,,TRUE,Â£14.02,
leave-this-song-behind-teen-poetry-at-its-best,Leave This Song Behind: Teen Poetry at Its Best,,,,,TRUE,Â£51.17,
a-year-in-provence-provence-1,A Year in Provence (Provence #1),,,,,TRUE,Â£56.88,
shrunken-treasures-literary-classics-short-sweet-and-silly,"Shrunken Treasures: Literary Classics, Short, Sweet, and Silly",,,,,TRUE,Â£52.87,
the-guns-of-august,The Guns of August,,,,,TRUE,Â£14.54,
the-torch-is-passed-a-harding-family-story,The Torch Is Passed: A Harding Family Story,,,,,TRUE,Â£19.09,
the-matchmaker-s-playbook-wingmen-inc-1,The Matchmaker's Playbook (Wingmen Inc. #1),,,,,TRUE,Â£55.85,
lust-wonder,Lust & Wonder,,,,,TRUE,Â£11.87,
the-white-cat-and-the-monk-a-retelling-of-the-poem-pangur-b-n,The White Cat and the Monk: A Retelling of the Poem âPangur BÃ¡nâ,,,,,TRUE,Â£58.08,
hide-away-eve-duncan-20,Hide Away (Eve Duncan #20),,,,,TRUE,Â£11.84,
the-guernsey-literary-and-potato-peel-pie-society,The Guernsey Literary and Potato Peel Pie Society,,,,,TRUE,Â£49.53,
frostbite-vampire-academy-2,Frostbite (Vampire Academy #2),,,,,TRUE,Â£29.99,
my-mrs-brown,My Mrs. Brown,,,,,TRUE,Â£24.48,
when-we-collided,When We Collided,,,,,TRUE,Â£31.77,
doctor-sleep-the-shining-2,Doctor Sleep (The Shining #2),,,,,TRUE,Â£40.12,
code-name-verity-code-name-verity-1,Code Name Verity (Code Name Verity #1),,,,,TRUE,Â£22.13,
tastes-like-fear-di-marnie-rome-3,Tastes Like Fear (DI Marnie Rome #3),,,,,TRUE,Â£10.69,
murder-at-the-42nd-street-library-raymond-ambler-1,Murder at the 42nd Street Library (Raymond Ambler #1),,,,,TRUE,Â£54.36,
this-is-your-brain-on-music-the-science-of-a-human-obsession,This Is Your Brain on Music: The Science of a Human Obsession,,,,,TRUE,Â£38.40,
the-disappearing-spoon-and-other-true-tales-of-madness-love-and-the-history-of-the-world-from-the-periodic-table-of-the-elements,"The Disappearing Spoon: And Other True Tales of Madness, Love, and the History of the World from the Periodic Table of the Elements",,,,,TRUE,Â£57.35,
nap-a-roo,Nap-a-Roo,,,,,TRUE,Â£25.08,
a-fierce-and-subtle-poison,A Fierce and Subtle Poison,,,,,TRUE,Â£28.13,
equal-is-unfair-america-s-misguided-fight-against-income-inequality,Equal Is Unfair: America's Misguided Fight Against Income Inequality,,,,,TRUE,Â£56.86,
still-life-with-bread-crumbs,Still Life with Bread Crumbs,,,,,TRUE,Â£26.41,
a-la-mode-120-recipes-in-60-pairings-pies-tarts-cakes-crisps-and-more-topped-with-ice-cream-gelato-frozen-custard-and-more,"A la Mode: 120 Recipes in 60 Pairings: Pies, Tarts, Cakes, Crisps, and More Topped with Ice Cream, Gelato, Frozen Custard, and More",,,,,TRUE,Â£38.77,
toddlers-are-a-holes-it-s-not-your-fault,Toddlers Are A**holes: It's Not Your Fault,,,,,TRUE,Â£25.55,
the-nanny-diaries-nanny-1,The Nanny Diaries (Nanny #1),,,,,TRUE,Â£52.53,
house-of-lost-worlds-dinosaurs-dynasties-and-the-story-of-life-on-earth,"House of Lost Worlds: Dinosaurs, Dynasties, and the Story of Life on Earth",,,,,TRUE,Â£43.70,
layered-baking-building-and-styling-spectacular-cakes,"Layered: Baking, Building, and Styling Spectacular Cakes",,,,,TRUE,Â£40.11,
kierkegaard-a-christian-missionary-to-christians,Kierkegaard: A Christian Missionary to Christians,,,,,TRUE,Â£47.13,
of-mice-and-men,Of Mice and Men,,,,,TRUE,Â£47.11,
cultural,Cultural,,,,,TRUE,Â£36.58,
maybe-something-beautiful-how-art-transformed-a-neighborhood,Maybe Something Beautiful: How Art Transformed a Neighborhood,,,,,TRUE,Â£22.54,
the-elephant-tree,The Elephant Tree,,,,,TRUE,Â£23.82,
a-study-in-scarlet-sherlock-holmes-1,A Study in Scarlet (Sherlock Holmes #1),,,,,TRUE,Â£16.73,
the-help-yourself-cookbook-for-kids-60-easy-plant-based-recipes-kids-can-make-to-stay-healthy-and-save-the-earth,The Help Yourself Cookbook for Kids: 60 Easy Plant-Based Recipes Kids Can Make to Stay Healthy and Save the Earth,,,,,TRUE,Â£28.77,
forever-and-forever-the-courtship-of-henry-longfellow-and-fanny-appleton,Forever and Forever: The Courtship of Henry Longfellow and Fanny Appleton,,,,,TRUE,Â£29.69,
the-requiem-red,The Requiem Red,,,,,TRUE,Â£22.65,
the-white-queen-the-cousins-war-1,The White Queen (The Cousins' War #1),,,,,TRUE,Â£25.91,
dracula-the-un-dead,Dracula the Un-Dead,,,,,TRUE,Â£35.63,
foolproof-preserving-a-guide-to-small-batch-jams-jellies-pickles-condiments-and-more-a-foolproof-guide-to-making-small-batch-jams-jellies-pickles-condiments-and-more,"Foolproof Preserving: A Guide to Small Batch Jams, Jellies, Pickles, Condiments, and More: A Foolproof Guide to Making Small Batch Jams, Jellies, Pickles, Condiments, and More",,,,,TRUE,Â£30.52,
the-art-forger,The Art Forger,,,,,TRUE,Â£40.76,
rip-it-up-and-start-again,Rip it Up and Start Again,,,,,TRUE,Â£35.02,
rain-fish,Rain Fish,,,,,TRUE,Â£23.57,
library-of-souls-miss-peregrine-s-peculiar-children-3,Library of Souls (Miss Peregrineâs Peculiar Children #3),,,,,TRUE,Â£48.56,
princess-jellyfish-2-in-1-omnibus-vol-01-princess-jellyfish-2-in-1-omnibus-1,"Princess Jellyfish 2-in-1 Omnibus, Vol. 01 (Princess Jellyfish 2-in-1 Omnibus #1)",,,,,TRUE,Â£13.61,
the-gutsy-girl-escapades-for-your-life-of-epic-adventure,The Gutsy Girl: Escapades for Your Life of Epic Adventure,,,,,TRUE,Â£37.13,
the-boys-in-the-boat-nine-americans-and-their-epic-quest-for-gold-at-the-1936-berlin-olympics,The Boys in the Boat: Nine Americans and Their Epic Quest for Gold at the 1936 Berlin Olympics,,,,,TRUE,Â£22.60,
rook,Rook,,,,,TRUE,Â£37.86,
classics,Classics,,,,,TRUE,Â£15.08,
blue-like-jazz-nonreligious-thoughts-on-christian-spirituality,Blue Like Jazz: Nonreligious Thoughts on Christian Spirituality,,,,,TRUE,Â£25.77,
the-long-haul-diary-of-a-wimpy-kid-9,The Long Haul (Diary of a Wimpy Kid #9),,,,,TRUE,Â£44.07,
louisa-the-extraordinary-life-of-mrs-adams,Louisa: The Extraordinary Life of Mrs. Adams,,,,,TRUE,Â£16.85,
shakespeare-s-sonnets,Shakespeare's Sonnets,,,,,TRUE,Â£20.66,
sequential-art,Sequential Art,,,,,TRUE,Â£37.92,
needful-things,Needful Things,,,,,TRUE,Â£47.51,
bridget-jones-s-diary-bridget-jones-1,Bridget Jones's Diary (Bridget Jones #1),,,,,TRUE,Â£29.82,
birdsong-a-story-in-pictures,Birdsong: A Story in Pictures,,,,,TRUE,Â£54.64,
logan-kade-fallen-crest-high-5-5,Logan Kade (Fallen Crest High #5.5),,,,,TRUE,Â£13.12,
chasing-heaven-what-dying-taught-me-about-living,Chasing Heaven: What Dying Taught Me About Living,,,,,TRUE,Â£37.80,
barefoot-contessa-at-home-everyday-recipes-you-ll-make-over-and-over-again,Barefoot Contessa at Home: Everyday Recipes You'll Make Over and Over Again,,,,,TRUE,Â£50.62,
tracing-numbers-on-a-train,Tracing Numbers on a Train,,,,,TRUE,Â£41.60,
take-me-with-you,Take Me with You,,,,,TRUE,Â£45.21,
the-red-tent,The Red Tent,,,,,TRUE,Â£35.66,
seven-brief-lessons-on-physics,Seven Brief Lessons on Physics,,,,,TRUE,Â£30.60,
lumberjanes-vol-1-beware-the-kitten-holy-lumberjanes-1-4,"Lumberjanes, Vol. 1: Beware the Kitten Holy (Lumberjanes #1-4)",,,,,TRUE,Â£45.61,
thriller,Thriller,,,,,TRUE,Â£12.84,
under-the-tuscan-sun,Under the Tuscan Sun,,,,,TRUE,Â£37.33,
patience,Patience,,,,,TRUE,Â£10.16,
on-a-midnight-clear,On a Midnight Clear,,,,,TRUE,Â£14.07,
barefoot-contessa-back-to-basics,Barefoot Contessa Back to Basics,,,,,TRUE,Â£28.01,
hold-your-breath-search-and-rescue-1,Hold Your Breath (Search and Rescue #1),,,,,TRUE,Â£28.82,
see-america-a-celebration-of-our-national-parks-treasured-sites,See America: A Celebration of Our National Parks & Treasured Sites,,,,,TRUE,Â£48.87,
books,Books,,,,,TRUE,Â£57.31,
the-argonauts,The Argonauts,,,,,TRUE,Â£10.93,
dune-dune-1,Dune (Dune #1),,,,,TRUE,Â£54.86,
the-constant-princess-the-tudor-court-1,The Constant Princess (The Tudor Court #1),,,,,TRUE,Â£16.62,
some-women,Some Women,,,,,TRUE,Â£13.73,
finders-keepers-bill-hodges-trilogy-2,Finders Keepers (Bill Hodges Trilogy #2),,,,,TRUE,Â£53.53,
eligible-the-austen-project-4,Eligible (The Austen Project #4),,,,,TRUE,Â£27.09,
cravings-recipes-for-what-you-want-to-eat,Cravings: Recipes for What You Want to Eat,,,,,TRUE,Â£20.50,
the-thing-about-jellyfish,The Thing About Jellyfish,,,,,TRUE,Â£48.77,
art,Art,,,,,TRUE,Â£44.18,
something-blue-darcy-rachel-2,Something Blue (Darcy & Rachel #2),,,,,TRUE,Â£54.62,
all-products,All products,,,,,TRUE,Â£51.77,
the-artist-s-way-a-spiritual-path-to-higher-creativity,The Artist's Way: A Spiritual Path to Higher Creativity,,,,,TRUE,Â£38.49,
the-epidemic-the-program-0-6,The Epidemic (The Program 0.6),,,,,TRUE,Â£14.44,
shopaholic-ties-the-knot-shopaholic-3,Shopaholic Ties the Knot (Shopaholic #3),,,,,TRUE,Â£48.39,
christian,Christian,,,,,TRUE,Â£54.00,
the-nerdy-nummies-cookbook-sweet-treats-for-the-geek-in-all-of-us,The Nerdy Nummies Cookbook: Sweet Treats for the Geek in All of Us,,,,,TRUE,Â£37.34,
having-the-barbarian-s-baby-ice-planet-barbarians-7-5,Having the Barbarian's Baby (Ice Planet Barbarians #7.5),,,,,TRUE,Â£34.96,
tipping-the-velvet,Tipping the Velvet,,,,,TRUE,Â£53.74,
sapiens-a-brief-history-of-humankind,Sapiens: A Brief History of Humankind,,,,,TRUE,Â£54.23,
the-time-keeper,The Time Keeper,,,,,TRUE,Â£27.88,
a-new-earth-awakening-to-your-life-s-purpose,A New Earth: Awakening to Your Life's Purpose,,,,,TRUE,Â£55.65,
art-and-fear-observations-on-the-perils-and-rewards-of-artmaking,Art and Fear: Observations on the Perils (and Rewards) of Artmaking,,,,,TRUE,Â£48.63,
food-and-drink,Food and Drink,,,,,TRUE,Â£46.01,
if-i-gave-you-god-s-phone-number-searching-for-spirituality-in-america,If I Gave You God's Phone Number....: Searching for Spirituality in America,,,,,TRUE,Â£20.91,
poisonous-max-revere-novels-3,Poisonous (Max Revere Novels #3),,,,,TRUE,Â£26.80,
tuesday-nights-in-1980,Tuesday Nights in 1980,,,,,TRUE,Â£21.04,
the-regional-office-is-under-attack,The Regional Office Is Under Attack!,,,,,TRUE,Â£51.36,
modern-romance,Modern Romance,,,,,TRUE,Â£28.26,
the-bachelor-girl-s-guide-to-murder-herringford-and-watts-mysteries-1,The Bachelor Girl's Guide to Murder (Herringford and Watts Mysteries #1),,,,,TRUE,Â£52.30,
a-paris-apartment,A Paris Apartment,,,,,TRUE,Â£39.01,
world-without-end-the-pillars-of-the-earth-2,World Without End (The Pillars of the Earth #2),,,,,TRUE,Â£32.97,
new-adult,New Adult,,,,,TRUE,Â£45.07,
sleeping-giants-themis-files-1,Sleeping Giants (Themis Files #1),,,,,TRUE,Â£48.74,
1-000-places-to-see-before-you-die,"1,000 Places to See Before You Die",,,,,TRUE,Â£26.08,
you-are-a-badass-how-to-stop-doubting-your-greatness-and-start-living-an-awesome-life,You Are a Badass: How to Stop Doubting Your Greatness and Start Living an Awesome Life,,,,,TRUE,Â£12.08,
science,Science,,,,,TRUE,Â£42.96,
a-distant-mirror-the-calamitous-14th-century,A Distant Mirror: The Calamitous 14th Century,,,,,TRUE,Â£14.58,
run-spot-run-the-ethics-of-keeping-pets,"Run, Spot, Run: The Ethics of Keeping Pets",,,,,TRUE,Â£20.02,
the-third-wave-an-entrepreneur-s-vision-of-the-future,The Third Wave: An Entrepreneurâs Vision of the Future,,,,,TRUE,Â£12.61,
online-marketing-for-busy-authors-a-step-by-step-guide,Online Marketing for Busy Authors: A Step-By-Step Guide,,,,,TRUE,Â£46.35,
thinking-fast-and-slow,"Thinking, Fast and Slow",,,,,TRUE,Â£21.14,
salt,salt.,,,,,TRUE,Â£46.78,
love-is-a-mix-tape-music-1,Love Is a Mix Tape (Music #1),,,,,TRUE,Â£18.03,
10-day-green-smoothie-cleanse-lose-up-to-15-pounds-in-10-days,10-Day Green Smoothie Cleanse: Lose Up to 15 Pounds in 10 Days!,,,,,TRUE,Â£49.71,
the-dirty-little-secrets-of-getting-your-dream-job,The Dirty Little Secrets of Getting Your Dream Job,,,,,TRUE,Â£33.34,
giant-days-vol-2-giant-days-5-8,"Giant Days, Vol. 2 (Giant Days #5-8)",,,,,TRUE,Â£22.11,
add-a-comment,Add a comment,,,,,TRUE,Â£59.15,
choosing-our-religion-the-spiritual-lives-of-america-s-nones,Choosing Our Religion: The Spiritual Lives of America's Nones,,,,,TRUE,Â£28.42,
the-pilgrim-s-progress,The Pilgrim's Progress,,,,,TRUE,Â£50.26,
the-moosewood-cookbook-recipes-from-moosewood-restaurant-ithaca-new-york,"The Moosewood Cookbook: Recipes from Moosewood Restaurant, Ithaca, New York",,,,,TRUE,Â£12.34,
lilac-girls,Lilac Girls,,,,,TRUE,Â£17.28,
give-it-back,Give It Back,,,,,TRUE,Â£18.32,
no-one-here-gets-out-alive,No One Here Gets Out Alive,,,,,TRUE,Â£20.02,
girl-with-a-pearl-earring,Girl With a Pearl Earring,,,,,TRUE,Â£26.77,
fantasy,Fantasy,,,,,TRUE,Â£12.16,
booked,Booked,,,,,TRUE,Â£17.49,
wuthering-heights,Wuthering Heights,,,,,TRUE,Â£17.73,
the-dovekeepers,The Dovekeepers,,,,,TRUE,Â£48.78,
full-moon-over-noah-s-ark-an-odyssey-to-mount-ararat-and-beyond,Full Moon over Noahâs Ark: An Odyssey to Mount Ararat and Beyond,,,,,TRUE,Â£49.43,
a-shard-of-ice-the-black-symphony-saga-1,A Shard of Ice (The Black Symphony Saga #1),,,,,TRUE,Â£56.63,
reasons-to-stay-alive,Reasons to Stay Alive,,,,,TRUE,Â£26.41,
glory-over-everything-beyond-the-kitchen-house,Glory over Everything: Beyond The Kitchen House,,,,,TRUE,Â£45.84,
please-kill-me-the-uncensored-oral-history-of-punk,Please Kill Me: The Uncensored Oral History of Punk,,,,,TRUE,Â£31.19,
starving-hearts-triangular-trade-trilogy-1,"Starving Hearts (Triangular Trade Trilogy, #1)",,,,,TRUE,Â£13.99,
throne-of-glass-throne-of-glass-1,Throne of Glass (Throne of Glass #1),,,,,TRUE,Â£35.07,
i-am-a-hero-omnibus-volume-1,I am a Hero Omnibus Volume 1,,,,,TRUE,Â£54.63,
the-death-of-humanity-and-the-case-for-life,The Death of Humanity: and the Case for Life,,,,,TRUE,Â£58.11,
the-bone-hunters-lexy-vaughan-steven-macaulay-2,The Bone Hunters (Lexy Vaughan & Steven Macaulay #2),,,,,TRUE,Â£59.71,
fiction,Fiction,,,,,TRUE,Â£50.10,
the-murder-of-roger-ackroyd-hercule-poirot-4,The Murder of Roger Ackroyd (Hercule Poirot #4),,,,,TRUE,Â£44.10,
unbound-how-eight-technologies-made-us-human-transformed-society-and-brought-our-world-to-the-brink,"Unbound: How Eight Technologies Made Us Human, Transformed Society, and Brought Our World to the Brink",,,,,TRUE,Â£25.52,
the-lonely-ones,The Lonely Ones,,,,,TRUE,Â£43.59,
the-grownup,The Grownup,,,,,TRUE,Â£35.88,
naturally-lean-125-nourishing-gluten-free-plant-based-recipes-all-under-300-calories,"Naturally Lean: 125 Nourishing Gluten-Free, Plant-Based Recipes--All Under 300 Calories",,,,,TRUE,Â£11.38,
luis-paints-the-world,Luis Paints the World,,,,,TRUE,Â£53.95,
the-age-of-genius-the-seventeenth-century-and-the-birth-of-the-modern-mind,The Age of Genius: The Seventeenth Century and the Birth of the Modern Mind,,,,,TRUE,Â£19.73,
thomas-jefferson-and-the-tripoli-pirates-the-forgotten-war-that-changed-american-history,Thomas Jefferson and the Tripoli Pirates: The Forgotten War That Changed American History,,,,,TRUE,Â£59.64,
suddenly-in-love-lake-haven-1,Suddenly in Love (Lake Haven #1),,,,,TRUE,Â£55.99,
thirteen-reasons-why,Thirteen Reasons Why,,,,,TRUE,Â£52.72,
call-the-nurse-true-stories-of-a-country-nurse-on-a-scottish-isle,Call the Nurse: True Stories of a Country Nurse on a Scottish Isle,,,,,TRUE,Â£29.14,
zealot-the-life-and-times-of-jesus-of-nazareth,Zealot: The Life and Times of Jesus of Nazareth,,,,,TRUE,Â£24.70,
32-yolks,32 Yolks,,,,,TRUE,Â£53.63,
the-psychopath-test-a-journey-through-the-madness-industry,The Psychopath Test: A Journey Through the Madness Industry,,,,,TRUE,Â£36.00,
romance,Romance,,,,,TRUE,Â£25.27,
childrens,Childrens,,,,,TRUE,Â£54.64,
the-perfect-play-play-by-play-1,The Perfect Play (Play by Play #1),,,,,TRUE,Â£59.99,
books,Books,,,,,TRUE,Â£51.77,
it-s-all-easy-healthy-delicious-weeknight-meals-in-under-30-minutes,"It's All Easy: Healthy, Delicious Weeknight Meals in under 30 Minutes",,,,,TRUE,Â£19.55,
critique-of-pure-reason,Critique of Pure Reason,,,,,TRUE,Â£20.75,
follow-you-home,Follow You Home,,,,,TRUE,Â£21.36,
philosophy,Philosophy,,,,,TRUE,Â£15.94,
the-hook-up-game-on-1,The Hook Up (Game On #1),,,,,TRUE,Â£36.29,
the-widow,The Widow,,,,,TRUE,Â£27.26,
foundation-foundation-publication-order-1,Foundation (Foundation (Publication Order) #1),,,,,TRUE,Â£32.42,
meditations,Meditations,,,,,TRUE,Â£25.89,
travel,Travel,,,,,TRUE,Â£45.17,
twenty-yawns,Twenty Yawns,,,,,TRUE,Â£22.08,
short-stories,Short Stories,,,,,TRUE,Â£35.88,
something-more-than-this,Something More Than This,,,,,TRUE,Â£16.24,
1491-new-revelations-of-the-americas-before-columbus,1491: New Revelations of the Americas Before Columbus,,,,,TRUE,Â£21.80,
arena,Arena,,,,,TRUE,Â£21.36,
changing-the-game-play-by-play-2,Changing the Game (Play by Play #2),,,,,TRUE,Â£13.38,
dark-lover-black-dagger-brotherhood-1,Dark Lover (Black Dagger Brotherhood #1),,,,,TRUE,Â£12.87,
a-brush-of-wings-angels-walking-3,A Brush of Wings (Angels Walking #3),,,,,TRUE,Â£55.51,
the-hidden-oracle-the-trials-of-apollo-1,The Hidden Oracle (The Trials of Apollo #1),,,,,TRUE,Â£52.26,
unreasonable-hope-finding-faith-in-the-god-who-brings-purpose-to-your-pain,Unreasonable Hope: Finding Faith in the God Who Brings Purpose to Your Pain,,,,,TRUE,Â£46.33,
reskilling-america-learning-to-labor-in-the-twenty-first-century,Reskilling America: Learning to Labor in the Twenty-First Century,,,,,TRUE,Â£19.83,
the-grand-design,The Grand Design,,,,,TRUE,Â£13.76,
scarlett-epstein-hates-it-here,Scarlett Epstein Hates It Here,,,,,TRUE,Â£43.55,
the-nicomachean-ethics,The Nicomachean Ethics,,,,,TRUE,Â£36.34,
sports-and-games,Sports and Games,,,,,TRUE,Â£44.84,
far-from-true-promise-falls-trilogy-2,Far From True (Promise Falls Trilogy #2),,,,,TRUE,Â£34.93,
don-t-get-caught,Don't Get Caught,,,,,TRUE,Â£55.35,
the-past-never-ends,The Past Never Ends,,,,,TRUE,Â£56.50,
howl-and-other-poems,Howl and Other Poems,,,,,TRUE,Â£40.45,
my-kitchen-year-136-recipes-that-saved-my-life,My Kitchen Year: 136 Recipes That Saved My Life,,,,,TRUE,Â£11.53,
feathers-displays-of-brilliant-plumage,Feathers: Displays of Brilliant Plumage,,,,,TRUE,Â£49.05,
most-wanted,Most Wanted,,,,,TRUE,Â£35.28,
higherselfie-wake-up-your-life-free-your-soul-find-your-tribe,#HigherSelfie: Wake Up Your Life. Free Your Soul. Find Your Tribe.,,,,,TRUE,Â£23.11,
the-stand,The Stand,,,,,TRUE,Â£57.86,
it-didn-t-start-with-you-how-inherited-family-trauma-shapes-who-we-are-and-how-to-end-the-cycle,It Didn't Start with You: How Inherited Family Trauma Shapes Who We Are and How to End the Cycle,,,,,TRUE,Â£56.27,
dark-notes,Dark Notes,,,,,TRUE,Â£19.19,
pop-gun-war-volume-1-gift,"Pop Gun War, Volume 1: Gift",,,,,TRUE,Â£18.97,
demigods-magicians-percy-and-annabeth-meet-the-kanes-percy-jackson-kane-chronicles-crossover-1-3,Demigods & Magicians: Percy and Annabeth Meet the Kanes (Percy Jackson & Kane Chronicles Crossover #1-3),,,,,TRUE,Â£37.51,
worlds-elsewhere-journeys-around-shakespeare-s-globe,Worlds Elsewhere: Journeys Around Shakespeareâs Globe,,,,,TRUE,Â£40.30,
our-band-could-be-your-life-scenes-from-the-american-indie-underground-1981-1991,"Our Band Could Be Your Life: Scenes from the American Indie Underground, 1981-1991",,,,,TRUE,Â£57.25,
the-coming-woman-a-novel-based-on-the-life-of-the-infamous-feminist-victoria-woodhull,"The Coming Woman: A Novel Based on the Life of the Infamous Feminist, Victoria Woodhull",,,,,TRUE,Â£17.93,
fiction,Fiction,,,,,TRUE,Â£14.39,
the-art-book,The Art Book,,,,,TRUE,Â£32.34,
the-last-girl-the-dominion-trilogy-1,The Last Girl (The Dominion Trilogy #1),,,,,TRUE,Â£36.26,
thirst,Thirst,,,,,TRUE,Â£17.27,
the-e-myth-revisited-why-most-small-businesses-don-t-work-and-what-to-do-about-it,The E-Myth Revisited: Why Most Small Businesses Don't Work and What to Do About It,,,,,TRUE,Â£36.91,
pet-sematary,Pet Sematary,,,,,TRUE,Â£10.56,
the-star-touched-queen,The Star-Touched Queen,,,,,TRUE,Â£32.30,
food-and-drink,Food and Drink,,,,,TRUE,Â£30.52,
first-and-first-five-boroughs-3,First and First (Five Boroughs #3),,,,,TRUE,Â£15.97,
the-last-painting-of-sara-de-vos,The Last Painting of Sara de Vos,,,,,TRUE,Â£55.55,
rich-dad-poor-dad,"Rich Dad, Poor Dad",,,,,TRUE,Â£51.74,
how-to-stop-worrying-and-start-living,How to Stop Worrying and Start Living,,,,,TRUE,Â£46.49,
friday-night-lights-a-town-a-team-and-a-dream,"Friday Night Lights: A Town, a Team, and a Dream",,,,,TRUE,Â£51.22,
brilliant-beacons-a-history-of-the-american-lighthouse,Brilliant Beacons: A History of the American Lighthouse,,,,,TRUE,Â£11.45,
the-first-hostage-j-b-collins-2,The First Hostage (J.B. Collins #2),,,,,TRUE,Â£25.85,
catherine-the-great-portrait-of-a-woman,Catherine the Great: Portrait of a Woman,,,,,TRUE,Â£58.55,
island-of-dragons-unwanteds-7,Island of Dragons (Unwanteds #7),,,,,TRUE,Â£29.65,
my-kind-of-crazy,My Kind of Crazy,,,,,TRUE,Â£40.36,
the-fabric-of-the-cosmos-space-time-and-the-texture-of-reality,"The Fabric of the Cosmos: Space, Time, and the Texture of Reality",,,,,TRUE,Â£55.91,
the-kite-runner,The Kite Runner,,,,,TRUE,Â£41.82,
shobu-samurai-project-aryoku-3,"Shobu Samurai, Project Aryoku (#3)",,,,,TRUE,Â£29.06,
playing-from-the-heart,Playing from the Heart,,,,,TRUE,Â£32.38,
searching-for-meaning-in-gailana,Searching for Meaning in Gailana,,,,,TRUE,Â£38.73,
judo-seven-steps-to-black-belt-an-introductory-guide-for-beginners,Judo: Seven Steps to Black Belt (an Introductory Guide for Beginners),,,,,TRUE,Â£53.90,
love-lies-and-spies,"Love, Lies and Spies",,,,,TRUE,Â£20.55,
without-borders-wanderlove-1,Without Borders (Wanderlove #1),,,,,TRUE,Â£45.07,
sugar-rush-offensive-line-2,Sugar Rush (Offensive Line #2),,,,,TRUE,Â£24.42,
the-mindfulness-and-acceptance-workbook-for-anxiety-a-guide-to-breaking-free-from-anxiety-phobias-and-worry-using-acceptance-and-commitment-therapy,"The Mindfulness and Acceptance Workbook for Anxiety: A Guide to Breaking Free from Anxiety, Phobias, and Worry Using Acceptance and Commitment Therapy",,,,,TRUE,Â£23.89,
if-i-run-if-i-run-1,If I Run (If I Run #1),,,,,TRUE,Â£49.97,
music,Music,,,,,TRUE,Â£35.02,
join,Join,,,,,TRUE,Â£35.67,
aladdin-and-his-wonderful-lamp,Aladdin and His Wonderful Lamp,,,,,TRUE,Â£53.13,
take-me-home-tonight-rock-star-romance-3,Take Me Home Tonight (Rock Star Romance #3),,,,,TRUE,Â£53.98,
the-loney,The Loney,,,,,TRUE,Â£23.40,
tsubasa-world-chronicle-2-tsubasa-world-chronicle-2,Tsubasa: WoRLD CHRoNiCLE 2 (Tsubasa WoRLD CHRoNiCLE #2),,,,,TRUE,Â£16.28,
the-bulletproof-diet-lose-up-to-a-pound-a-day-reclaim-energy-and-focus-upgrade-your-life,"The Bulletproof Diet: Lose up to a Pound a Day, Reclaim Energy and Focus, Upgrade Your Life",,,,,TRUE,Â£49.05,
close-to-you,Close to You,,,,,TRUE,Â£49.46,
at-the-existentialist-caf-freedom-being-and-apricot-cocktails-with-jean-paul-sartre-simone-de-beauvoir-albert-camus-martin-heidegger-edmund-husserl-karl-jaspers-maurice-merleau-ponty-and-others,"At The Existentialist CafÃ©: Freedom, Being, and apricot cocktails with: Jean-Paul Sartre, Simone de Beauvoir, Albert Camus, Martin Heidegger, Edmund Husserl, Karl Jaspers, Maurice Merleau-Ponty and others",,,,,TRUE,Â£29.93,
the-secret-the-secret-1,The Secret (The Secret #1),,,,,TRUE,Â£27.37,
gone-with-the-wind,Gone with the Wind,,,,,TRUE,Â£32.49,
house-of-leaves,House of Leaves,,,,,TRUE,Â£54.89,
tipping-point-for-planet-earth-how-close-are-we-to-the-edge,Tipping Point for Planet Earth: How Close Are We to the Edge?,,,,,TRUE,Â£37.55,
crown-of-midnight-throne-of-glass-2,Crown of Midnight (Throne of Glass #2),,,,,TRUE,Â£43.29,
dirty-dive-bar-1,Dirty (Dive Bar #1),,,,,TRUE,Â£40.83,
night-shift-night-shift-1-20,Night Shift (Night Shift #1-20),,,,,TRUE,Â£12.75,
shameless,Shameless,,,,,TRUE,Â£58.35,
all-products,All products,,,,,TRUE,Â£57.31,
that-darkness-gardiner-and-renner-1,That Darkness (Gardiner and Renner #1),,,,,TRUE,Â£13.92,
all-products,All products,,,,,TRUE,Â£51.77,
off-sides-off-1,Off Sides (Off #1),,,,,TRUE,Â£39.45,
crime,Crime,,,,,TRUE,Â£10.97,
mystery,Mystery,,,,,TRUE,Â£24.80,
parenting,Parenting,,,,,TRUE,Â£37.35,
religion,Religion,,,,,TRUE,Â£37.97,
the-wedding-dress,The Wedding Dress,,,,,TRUE,Â£24.12,
science-fiction,Science Fiction,,,,,TRUE,Â£37.59,
libertarianism-for-beginners,Libertarianism for Beginners,,,,,TRUE,Â£51.33,
business,Business,,,,,TRUE,Â£33.34,
the-restaurant-at-the-end-of-the-universe-hitchhiker-s-guide-to-the-galaxy-2,The Restaurant at the End of the Universe (Hitchhiker's Guide to the Galaxy #2),,,,,TRUE,Â£10.92,
misery,Misery,,,,,TRUE,Â£34.79,
the-book-of-basketball-the-nba-according-to-the-sports-guy,The Book of Basketball: The NBA According to The Sports Guy,,,,,TRUE,Â£44.84,
a-flight-of-arrows-the-pathfinders-2,A Flight of Arrows (The Pathfinders #2),,,,,TRUE,Â£55.53,
twenty-love-poems-and-a-song-of-despair,Twenty Love Poems and a Song of Despair,,,,,TRUE,Â£30.95,
security,Security,,,,,TRUE,Â£39.25,
girl-in-the-blue-coat,Girl in the Blue Coat,,,,,TRUE,Â£46.83,
the-wild-robot,The Wild Robot,,,,,TRUE,Â£56.07,
silence-in-the-dark-logan-point-4,Silence in the Dark (Logan Point #4),,,,,TRUE,Â£58.33,
the-bear-and-the-piano,The Bear and the Piano,,,,,TRUE,Â£36.89,
the-girl-on-the-train,The Girl on the Train,,,,,TRUE,Â£55.02,
outcast-vol-1-a-darkness-surrounds-him-outcast-1,"Outcast, Vol. 1: A Darkness Surrounds Him (Outcast #1)",,,,,TRUE,Â£15.44,
will-you-won-t-you-want-me,Will You Won't You Want Me?,,,,,TRUE,Â£13.86,
orange-the-complete-collection-1-orange-the-complete-collection-1,orange: The Complete Collection 1 (orange: The Complete Collection #1),,,,,TRUE,Â£48.41,
we-are-all-completely-beside-ourselves,We Are All Completely Beside Ourselves,,,,,TRUE,Â£24.04,
a-summer-in-europe,A Summer In Europe,,,,,TRUE,Â£44.34,
ways-of-seeing,Ways of Seeing,,,,,TRUE,Â£39.51,
the-great-railway-bazaar,The Great Railway Bazaar,,,,,TRUE,Â£30.54,
kill-em-and-leave-searching-for-james-brown-and-the-american-soul,Kill 'Em and Leave: Searching for James Brown and the American Soul,,,,,TRUE,Â£45.05,
a-piece-of-sky-a-grain-of-rice-a-memoir-in-four-meditations,"A Piece of Sky, a Grain of Rice: A Memoir in Four Meditations",,,,,TRUE,Â£56.76,
in-the-country-we-love-my-family-divided,In the Country We Love: My Family Divided,,,,,TRUE,Â£22.00,
redeeming-love,Redeeming Love,,,,,TRUE,Â£20.47,
suzie-snowflake-one-beautiful-flake-a-self-esteem-story,Suzie Snowflake: One beautiful flake (a self-esteem story),,,,,TRUE,Â£54.81,
life-without-a-recipe,Life Without a Recipe,,,,,TRUE,Â£59.04,
america-s-war-for-the-greater-middle-east-a-military-history,America's War for the Greater Middle East: A Military History,,,,,TRUE,Â£51.22,
i-ve-got-your-number,I've Got Your Number,,,,,TRUE,Â£19.69,
naked,Naked,,,,,TRUE,Â£31.69,
the-bane-chronicles-the-bane-chronicles-1-11,The Bane Chronicles (The Bane Chronicles #1-11),,,,,TRUE,Â£44.73,
the-midnight-watch-a-novel-of-the-titanic-and-the-californian,The Midnight Watch: A Novel of the Titanic and the Californian,,,,,TRUE,Â£26.20,
poems-that-make-grown-women-cry,Poems That Make Grown Women Cry,,,,,TRUE,Â£14.19,
un-qualified-how-god-uses-broken-people-to-do-big-things,(Un)Qualified: How God Uses Broken People to Do Big Things,,,,,TRUE,Â£54.00,
chronicles-vol-1,"Chronicles, Vol. 1",,,,,TRUE,Â£52.60,
the-collected-poems-of-w-b-yeats-the-collected-works-of-w-b-yeats-1,The Collected Poems of W.B. Yeats (The Collected Works of W.B. Yeats #1),,,,,TRUE,Â£15.42,
mystery,Mystery,,,,,TRUE,Â£47.82,
masks-and-shadows,Masks and Shadows,,,,,TRUE,Â£56.40,
history-of-beauty,History of Beauty,,,,,TRUE,Â£10.29,
shadows-of-the-past-logan-point-1,Shadows of the Past (Logan Point #1),,,,,TRUE,Â£39.67,
the-mistake-off-campus-2,The Mistake (Off-Campus #2),,,,,TRUE,Â£43.29,
the-five-love-languages-how-to-express-heartfelt-commitment-to-your-mate,The Five Love Languages: How to Express Heartfelt Commitment to Your Mate,,,,,TRUE,Â£31.05,
cell,Cell,,,,,TRUE,Â£20.29,
private-paris-private-10,Private Paris (Private #10),,,,,TRUE,Â£47.61,
my-name-is-lucy-barton,My Name Is Lucy Barton,,,,,TRUE,Â£41.56,
keep-me-posted,Keep Me Posted,,,,,TRUE,Â£20.46,
aristotle-and-dante-discover-the-secrets-of-the-universe-aristotle-and-dante-discover-the-secrets-of-the-universe-1,Aristotle and Dante Discover the Secrets of the Universe (Aristotle and Dante Discover the Secrets of the Universe #1),,,,,TRUE,Â£58.14,
the-marriage-of-opposites,The Marriage of Opposites,,,,,TRUE,Â£28.08,
amid-the-chaos,Amid the Chaos,,,,,TRUE,Â£36.58,
the-passion-of-dolssa,The Passion of Dolssa,,,,,TRUE,Â£28.32,
shoe-dog-a-memoir-by-the-creator-of-nike,Shoe Dog: A Memoir by the Creator of NIKE,,,,,TRUE,Â£23.99,
the-omnivore-s-dilemma-a-natural-history-of-four-meals,The Omnivore's Dilemma: A Natural History of Four Meals,,,,,TRUE,Â£38.21,
the-rise-of-theodore-roosevelt-theodore-roosevelt-1,The Rise of Theodore Roosevelt (Theodore Roosevelt #1),,,,,TRUE,Â£42.57,
the-story-of-art,The Story of Art,,,,,TRUE,Â£41.14,
rework,Rework,,,,,TRUE,Â£44.88,
don-t-be-a-jerk-and-other-practical-advice-from-dogen-japan-s-greatest-zen-master,"Don't Be a Jerk: And Other Practical Advice from Dogen, Japan's Greatest Zen Master",,,,,TRUE,Â£37.97,
raymie-nightingale,Raymie Nightingale,,,,,TRUE,Â£34.41,
sophie-s-world,Sophie's World,,,,,TRUE,Â£15.94,
suspense,Suspense,,,,,TRUE,Â£58.33,
the-golden-condom-and-other-essays-on-love-lost-and-found,The Golden Condom: And Other Essays on Love Lost and Found,,,,,TRUE,Â£39.43,
how-to-be-miserable-40-strategies-you-already-use,How to Be Miserable: 40 Strategies You Already Use,,,,,TRUE,Â£46.03,
in-a-dark-dark-wood,"In a Dark, Dark Wood",,,,,TRUE,Â£19.63,
rat-queens-vol-3-demons-rat-queens-collected-editions-11-15,"Rat Queens, Vol. 3: Demons (Rat Queens (Collected Editions) #11-15)",,,,,TRUE,Â£50.40,
shtum,Shtum,,,,,TRUE,Â£55.84,
i-am-pilgrim-pilgrim-1,I Am Pilgrim (Pilgrim #1),,,,,TRUE,Â£10.60,
catastrophic-happiness-finding-joy-in-childhood-s-messy-years,Catastrophic Happiness: Finding Joy in Childhood's Messy Years,,,,,TRUE,Â£37.35,
i-hate-fairyland-vol-1-madly-ever-after-i-hate-fairyland-compilations-1-5,"I Hate Fairyland, Vol. 1: Madly Ever After (I Hate Fairyland (Compilations) #1-5)",,,,,TRUE,Â£29.17,
life-the-universe-and-everything-hitchhiker-s-guide-to-the-galaxy-3,"Life, the Universe and Everything (Hitchhiker's Guide to the Galaxy #3)",,,,,TRUE,Â£33.26,
civilization-and-its-discontents,Civilization and Its Discontents,,,,,TRUE,Â£59.95,
lumberjanes-vol-3-a-terrible-plan-lumberjanes-9-12,Lumberjanes Vol. 3: A Terrible Plan (Lumberjanes #9-12),,,,,TRUE,Â£19.92,
a-people-s-history-of-the-united-states,A People's History of the United States,,,,,TRUE,Â£40.79,
algorithms-to-live-by-the-computer-science-of-human-decisions,Algorithms to Live By: The Computer Science of Human Decisions,,,,,TRUE,Â£30.81,
i-had-a-nice-time-and-other-lies-how-to-find-love-sh-t-like-that,I Had a Nice Time And Other Lies...: How to find love & sh*t like that,,,,,TRUE,Â£57.36,
king-s-folly-the-kinsman-chronicles-1,King's Folly (The Kinsman Chronicles #1),,,,,TRUE,Â£39.61,
an-unquiet-mind-a-memoir-of-moods-and-madness,An Unquiet Mind: A Memoir of Moods and Madness,,,,,TRUE,Â£21.30,
catching-jordan-hundred-oaks,Catching Jordan (Hundred Oaks),,,,,TRUE,Â£50.83,
the-stranger,The Stranger,,,,,TRUE,Â£17.44,
untitled-collection-sabbath-poems-2014,Untitled Collection: Sabbath Poems 2014,,,,,TRUE,Â£14.27,
dress-your-family-in-corduroy-and-denim,Dress Your Family in Corduroy and Denim,,,,,TRUE,Â£43.68,
the-genius-of-birds,The Genius of Birds,,,,,TRUE,Â£17.24,
three-wishes-river-of-time-california-1,Three Wishes (River of Time: California #1),,,,,TRUE,Â£44.18,
bossypants,Bossypants,,,,,TRUE,Â£49.46,
delivering-the-truth-quaker-midwife-mystery-1,Delivering the Truth (Quaker Midwife Mystery #1),,,,,TRUE,Â£20.89,
life,Life,,,,,TRUE,Â£31.58,
america-s-cradle-of-quarterbacks-western-pennsylvania-s-football-factory-from-johnny-unitas-to-joe-montana,America's Cradle of Quarterbacks: Western Pennsylvania's Football Factory from Johnny Unitas to Joe Montana,,,,,TRUE,Â£22.50,
the-black-maria,The Black Maria,,,,,TRUE,Â£52.15,
soumission,Soumission,,,,,TRUE,Â£50.10,
the-pioneer-woman-cooks-dinnertime-comfort-classics-freezer-food-16-minute-meals-and-other-delicious-ways-to-solve-supper,"The Pioneer Woman Cooks: Dinnertime: Comfort Classics, Freezer Food, 16-Minute Meals, and Other Delicious Ways to Solve Supper!",,,,,TRUE,Â£56.41,
the-lucifer-effect-understanding-how-good-people-turn-evil,The Lucifer Effect: Understanding How Good People Turn Evil,,,,,TRUE,Â£10.40,
the-glittering-court-the-glittering-court-1,The Glittering Court (The Glittering Court #1),,,,,TRUE,Â£44.28,
psychology,Psychology,,,,,TRUE,Â£10.40,
the-natural-history-of-us-the-fine-art-of-pretending-2,The Natural History of Us (The Fine Art of Pretending #2),,,,,TRUE,Â£45.22,
womens-fiction,Womens Fiction,,,,,TRUE,Â£57.36,
a-murder-in-time,A Murder in Time,,,,,TRUE,Â£16.64,
vampire-knight-vol-1-vampire-knight-1,"Vampire Knight, Vol. 1 (Vampire Knight #1)",,,,,TRUE,Â£15.40,
a-heartbreaking-work-of-staggering-genius,A Heartbreaking Work of Staggering Genius,,,,,TRUE,Â£54.29,
once-was-a-time,Once Was a Time,,,,,TRUE,Â£18.28,
city-of-glass-the-mortal-instruments-3,City of Glass (The Mortal Instruments #3),,,,,TRUE,Â£56.02,
the-murder-that-never-was-forensic-instincts-5,The Murder That Never Was (Forensic Instincts #5),,,,,TRUE,Â£54.11,
the-lean-startup-how-today-s-entrepreneurs-use-continuous-innovation-to-create-radically-successful-businesses,The Lean Startup: How Today's Entrepreneurs Use Continuous Innovation to Create Radically Successful Businesses,,,,,TRUE,Â£33.92,
stars-above-the-lunar-chronicles-4-5,Stars Above (The Lunar Chronicles #4.5),,,,,TRUE,Â£48.05,
the-undomestic-goddess,The Undomestic Goddess,,,,,TRUE,Â£45.75,
the-four-agreements-a-practical-guide-to-personal-freedom,The Four Agreements: A Practical Guide to Personal Freedom,,,,,TRUE,Â£17.66,
humor,Humor,,,,,TRUE,Â£44.07,
the-day-the-crayons-came-home-crayons,The Day the Crayons Came Home (Crayons),,,,,TRUE,Â£26.33,
how-music-works,How Music Works,,,,,TRUE,Â£37.32,
the-testament-of-mary,The Testament of Mary,,,,,TRUE,Â£52.67,
books,Books,,,,,TRUE,Â£12.84,
setting-the-world-on-fire-the-brief-astonishing-life-of-st-catherine-of-siena,"Setting the World on Fire: The Brief, Astonishing Life of St. Catherine of Siena",,,,,TRUE,Â£21.15,
the-invention-of-wings,The Invention of Wings,,,,,TRUE,Â£37.34,
until-friday-night-the-field-party-1,Until Friday Night (The Field Party #1),,,,,TRUE,Â£46.31,
angels-walking-angels-walking-1,Angels Walking (Angels Walking #1),,,,,TRUE,Â£34.20,
little-women-little-women-1,Little Women (Little Women #1),,,,,TRUE,Â£28.07,
burning,Burning,,,,,TRUE,Â£28.81,
the-hiding-place,The Hiding Place,,,,,TRUE,Â£55.91,
out-of-print-city-lights-spotlight-no-14,Out of Print: City Lights Spotlight No. 14,,,,,TRUE,Â£53.64,
diary-of-a-citizen-scientist-chasing-tiger-beetles-and-other-new-ways-of-engaging-the-world,Diary of a Citizen Scientist: Chasing Tiger Beetles and Other New Ways of Engaging the World,,,,,TRUE,Â£28.41,
doing-it-over-most-likely-to-1,Doing It Over (Most Likely To #1),,,,,TRUE,Â£35.61,
historical-fiction,Historical Fiction,,,,,TRUE,Â£20.79,
a-girl-s-guide-to-moving-on-new-beginnings-2,A Girl's Guide to Moving On (New Beginnings #2),,,,,TRUE,Â£31.30,
penny-maybe,Penny Maybe,,,,,TRUE,Â£33.29,
i-know-what-i-m-doing-and-other-lies-i-tell-myself-dispatches-from-a-life-under-construction,I Know What I'm Doing -- and Other Lies I Tell Myself: Dispatches from a Life Under Construction,,,,,TRUE,Â£25.98,
olio,Olio,,,,,TRUE,Â£23.88,
the-life-changing-magic-of-tidying-up-the-japanese-art-of-decluttering-and-organizing,The Life-Changing Magic of Tidying Up: The Japanese Art of Decluttering and Organizing,,,,,TRUE,Â£16.77,
spark-joy-an-illustrated-master-class-on-the-art-of-organizing-and-tidying-up,Spark Joy: An Illustrated Master Class on the Art of Organizing and Tidying Up,,,,,TRUE,Â£41.83,
crazy-love-overwhelmed-by-a-relentless-god,Crazy Love: Overwhelmed by a Relentless God,,,,,TRUE,Â£47.72,
the-picture-of-dorian-gray,The Picture of Dorian Gray,,,,,TRUE,Â£29.70,
books,Books,,,,,TRUE,Â£51.77,
politics,Politics,,,,,TRUE,Â£51.33,
candide,Candide,,,,,TRUE,Â£58.63,
like-never-before-walker-family-2,Like Never Before (Walker Family #2),,,,,TRUE,Â£28.77,
ready-player-one,Ready Player One,,,,,TRUE,Â£19.07,
nonfiction,Nonfiction,,,,,TRUE,Â£19.43,
the-art-and-science-of-low-carbohydrate-living,The Art and Science of Low Carbohydrate Living,,,,,TRUE,Â£52.98,
princess-between-worlds-wide-awake-princess-5,Princess Between Worlds (Wide-Awake Princess #5),,,,,TRUE,Â£13.34,
the-guilty-will-robie-4,The Guilty (Will Robie #4),,,,,TRUE,Â£13.82,
wild-swans,Wild Swans,,,,,TRUE,Â£14.36,
you-you-1,You (You #1),,,,,TRUE,Â£43.61,
contemporary,Contemporary,,,,,TRUE,Â£31.77,
quarter-life-poetry-poems-for-the-young-broke-and-hangry,"Quarter Life Poetry: Poems for the Young, Broke and Hangry",,,,,TRUE,Â£50.89,
it-s-only-the-himalayas,It's Only the Himalayas,,,,,TRUE,Â£45.17,
the-10-entrepreneur-live-your-startup-dream-without-quitting-your-day-job,The 10% Entrepreneur: Live Your Startup Dream Without Quitting Your Day Job,,,,,TRUE,Â£27.55,
the-whale,The Whale,,,,,TRUE,Â£35.96,
adult-fiction,Adult Fiction,,,,,TRUE,Â£15.36,
the-secret-garden,The Secret Garden,,,,,TRUE,Â£15.08,
the-wedding-pact-the-o-malleys-2,The Wedding Pact (The O'Malleys #2),,,,,TRUE,Â£32.61,
fifty-shades-freed-fifty-shades-3,Fifty Shades Freed (Fifty Shades #3),,,,,TRUE,Â£15.36,
walt-disney-s-alice-in-wonderland,Walt Disney's Alice in Wonderland,,,,,TRUE,Â£12.96,
nightingale-sing,"Nightingale, Sing",,,,,TRUE,Â£38.28,
erotica,Erotica,,,,,TRUE,Â£19.19,
do-androids-dream-of-electric-sheep-blade-runner-1,Do Androids Dream of Electric Sheep? (Blade Runner #1),,,,,TRUE,Â£51.48,
default,Default,,,,,TRUE,Â£17.93,
a-history-of-god-the-4-000-year-quest-of-judaism-christianity-and-islam,"A History of God: The 4,000-Year Quest of Judaism, Christianity, and Islam",,,,,TRUE,Â£27.62,
william-shakespeare-s-star-wars-verily-a-new-hope-william-shakespeare-s-star-wars-4,"William Shakespeare's Star Wars: Verily, A New Hope (William Shakespeare's Star Wars #4)",,,,,TRUE,Â£43.30,
fifty-shades-darker-fifty-shades-2,Fifty Shades Darker (Fifty Shades #2),,,,,TRUE,Â£21.96,
her-backup-boyfriend-the-sorensen-family-1,Her Backup Boyfriend (The Sorensen Family #1),,,,,TRUE,Â£33.97,
night-sky-with-exit-wounds,Night Sky with Exit Wounds,,,,,TRUE,Â£41.05,
so-you-ve-been-publicly-shamed,So You've Been Publicly Shamed,,,,,TRUE,Â£12.23,
we-love-you-charlie-freeman,"We Love You, Charlie Freeman",,,,,TRUE,Â£50.27,
emma,Emma,,,,,TRUE,Â£32.93,
the-devil-wears-prada-the-devil-wears-prada-1,The Devil Wears Prada (The Devil Wears Prada #1),,,,,TRUE,Â£44.29,
maude-1883-1993-she-grew-up-with-the-country,Maude (1883-1993):She Grew Up with the country,,,,,TRUE,Â£18.02,
the-crossover,The Crossover,,,,,TRUE,Â£38.77,
the-selfish-gene,The Selfish Gene,,,,,TRUE,Â£29.45,
counted-with-the-stars-out-from-egypt-1,Counted With the Stars (Out from Egypt #1),,,,,TRUE,Â£17.97,
default,Default,,,,,TRUE,Â£33.34,
the-elegant-universe-superstrings-hidden-dimensions-and-the-quest-for-the-ultimate-theory,"The Elegant Universe: Superstrings, Hidden Dimensions, and the Quest for the Ultimate Theory",,,,,TRUE,Â£13.03,
the-song-of-achilles,The Song of Achilles,,,,,TRUE,Â£37.40,
lab-girl,Lab Girl,,,,,TRUE,Â£40.85,
novels,Novels,,,,,TRUE,Â£54.81,
psycho-sanitarium-psycho-1-5,Psycho: Sanitarium (Psycho #1.5),,,,,TRUE,Â£36.97,
a-court-of-thorns-and-roses-a-court-of-thorns-and-roses-1,A Court of Thorns and Roses (A Court of Thorns and Roses #1),,,,,TRUE,Â£52.37,
the-immortal-life-of-henrietta-lacks,The Immortal Life of Henrietta Lacks,,,,,TRUE,Â£40.67,
this-one-summer,This One Summer,,,,,TRUE,Â£19.49,
the-activist-s-tao-te-ching-ancient-advice-for-a-modern-revolution,The Activist's Tao Te Ching: Ancient Advice for a Modern Revolution,,,,,TRUE,Â£32.24,
playing-with-fire,Playing with Fire,,,,,TRUE,Â£13.71,
health,Health,,,,,TRUE,Â£49.05,
a-gentleman-s-position-society-of-gentlemen-3,A Gentleman's Position (Society of Gentlemen #3),,,,,TRUE,Â£14.75,
the-bridge-to-consciousness-i-m-writing-the-bridge-between-science-and-our-old-and-new-beliefs,The Bridge to Consciousness: I'm Writing the Bridge Between Science and Our Old and New Beliefs.,,,,,TRUE,Â£32.00,
more-than-music-chasing-the-dream-1,More Than Music (Chasing the Dream #1),,,,,TRUE,Â£37.61,
made-to-stick-why-some-ideas-survive-and-others-die,Made to Stick: Why Some Ideas Survive and Others Die,,,,,TRUE,Â£38.85,
