Handle,Title,Body (HTML),Vendor,Variant Price,Image Src
little-red,Little Red,,,Â£13.47,https://books.toscrape.com/media/cache/63/6b/636b836f5c3d67b9cda1948f5ca08694.jpg
the-bear-and-the-piano,The Bear and the Piano,,,Â£36.89,https://books.toscrape.com/media/cache/d0/87/d0876dcd1a6530a4cb54903aad7a3e28.jpg
walt-disney's-alice-in-wonderland,Walt Disney's Alice in Wonderland,,,Â£12.96,https://books.toscrape.com/media/cache/0f/65/0f65a1f2a3705c67b3d2a787ab3e8b99.jpg
rain-fish,Rain Fish,,,Â£23.57,https://books.toscrape.com/media/cache/ea/1f/ea1f22fa3179f3f84fbadd24fe89a1fd.jpg
birdsong:-a-story-in-pictures,Birdsong: A Story in Pictures,,,Â£54.64,https://books.toscrape.com/media/cache/af/2f/af2fe2419ea136f2cd567aa92082c3ae.jpg
the-white-cat-and-the-monk:-a-retelling-of-the-poem-âpangur-bã¡nâ,The White Cat and the Monk: A Retelling of the Poem âPangur BÃ¡nâ,,,Â£58.08,https://books.toscrape.com/media/cache/49/0e/490e049133ee9f398e6a70f25c12e308.jpg
twenty-yawns,Twenty Yawns,,,Â£22.08,https://books.toscrape.com/media/cache/40/d7/40d7f9433c2f23370659c925a45fdcad.jpg
the-secret-of-dreadwillow-carse,The Secret of Dreadwillow Carse,,,Â£56.13,https://books.toscrape.com/media/cache/7b/fd/7bfde4a3d6793f13e9a2d8851a398847.jpg
luis-paints-the-world,Luis Paints the World,,,Â£53.95,https://books.toscrape.com/media/cache/34/1e/341e9af2106811a4ca8e56ce92762580.jpg
once-was-a-time,Once Was a Time,,,Â£18.28,https://books.toscrape.com/media/cache/e6/5e/e65e45701ce6d2da8c5cf31d6208ff02.jpg
"shrunken-treasures:-literary-classics,-short,-sweet,-and-silly","Shrunken Treasures: Literary Classics, Short, Sweet, and Silly",,,Â£52.87,https://books.toscrape.com/media/cache/7b/b9/7bb9386b43f2aeaa6eaf042df1b4e96f.jpg
nap-a-roo,Nap-a-Roo,,,Â£25.08,https://books.toscrape.com/media/cache/b9/43/b9437eda691f483d2174a1b94c8c9d06.jpg
the-whale,The Whale,,,Â£35.96,https://books.toscrape.com/media/cache/6c/df/6cdf7a3ee6cfd5ecbcfd37bd7a5c42e3.jpg
playing-from-the-heart,Playing from the Heart,,,Â£32.38,https://books.toscrape.com/media/cache/b6/ba/b6ba2393c312701f1471db91eb73284d.jpg
raymie-nightingale,Raymie Nightingale,,,Â£34.41,https://books.toscrape.com/media/cache/95/6b/956b5a8927463f4ea0774e2469e27ce5.jpg
maybe-something-beautiful:-how-art-transformed-a-neighborhood,Maybe Something Beautiful: How Art Transformed a Neighborhood,,,Â£22.54,https://books.toscrape.com/media/cache/89/9a/899a07816ced14262169345493bbbe51.jpg
the-wild-robot,The Wild Robot,,,Â£56.07,https://books.toscrape.com/media/cache/42/48/424876ee529de5b557ebd69286c87343.jpg
the-thing-about-jellyfish,The Thing About Jellyfish,,,Â£48.77,https://books.toscrape.com/media/cache/ef/d3/efd3fd5390be3a440e28b03b5bb0fd95.jpg
the-lonely-ones,The Lonely Ones,,,Â£43.59,https://books.toscrape.com/media/cache/ff/f6/fff64acb3c65cbea2ac9209c2a57af17.jpg
the-day-the-crayons-came-home-(crayons),The Day the Crayons Came Home (Crayons),,,Â£26.33,https://books.toscrape.com/media/cache/34/b2/34b2631bafd148bcd8dcd850a4b75971.jpg
the-grownup,The Grownup,,,Â£35.88,https://books.toscrape.com/media/cache/7e/cc/7ecc23cfaa84fb015a5333f2a5d97f23.jpg
private-paris-(private-#10),Private Paris (Private #10),,,Â£47.61,https://books.toscrape.com/media/cache/05/87/0587ab519222a61f803fa4570c325ad2.jpg
"we-love-you,-charlie-freeman","We Love You, Charlie Freeman",,,Â£50.27,https://books.toscrape.com/media/cache/87/a2/87a2fddd7f6b240c0351e1eb950b6716.jpg
soumission,Soumission,,,Â£50.10,https://books.toscrape.com/media/cache/ee/cf/eecfe998905e455df12064dba399c075.jpg
thirst,Thirst,,,Â£17.27,https://books.toscrape.com/media/cache/8c/54/8c54a50576c204b80165a13545f73028.jpg
the-murder-that-never-was-(forensic-instincts-#5),The Murder That Never Was (Forensic Instincts #5),,,Â£54.11,https://books.toscrape.com/media/cache/29/e0/29e036acd8a6e3daa787ce2bc05bdbbb.jpg
tuesday-nights-in-1980,Tuesday Nights in 1980,,,Â£21.04,https://books.toscrape.com/media/cache/a3/ad/a3ade5edecde67449329c1ebb016c049.jpg
the-vacationers,The Vacationers,,,Â£42.15,https://books.toscrape.com/media/cache/34/c9/34c988a76c3cd7c04566d3030d8e7331.jpg
the-regional-office-is-under-attack!,The Regional Office Is Under Attack!,,,Â£51.36,https://books.toscrape.com/media/cache/d4/73/d473f01f077b91ce04e345305a3fa217.jpg
the-time-keeper,The Time Keeper,,,Â£27.88,https://books.toscrape.com/media/cache/37/d1/37d108ff5b19028a52ddd73dba35d543.jpg
finders-keepers-(bill-hodges-trilogy-#2),Finders Keepers (Bill Hodges Trilogy #2),,,Â£53.53,https://books.toscrape.com/media/cache/76/80/76804e1881b630a110794fef5aad02cf.jpg
the-testament-of-mary,The Testament of Mary,,,Â£52.67,https://books.toscrape.com/media/cache/06/a6/06a62270c0700ae3c537cf394cf145ee.jpg
the-first-hostage-(j.b.-collins-#2),The First Hostage (J.B. Collins #2),,,Â£25.85,https://books.toscrape.com/media/cache/81/3e/813e1d11126330de52d9368e78d116cc.jpg
take-me-with-you,Take Me with You,,,Â£45.21,https://books.toscrape.com/media/cache/bd/ad/bdad8933d15df7d7c6f3a16a9315048b.jpg
shtum,Shtum,,,Â£55.84,https://books.toscrape.com/media/cache/63/62/63623a0b014b1f26e49aa61786e6e708.jpg
my-name-is-lucy-barton,My Name Is Lucy Barton,,,Â£41.56,https://books.toscrape.com/media/cache/28/db/28db43984c765a1d02fd3495f5c52eb6.jpg
still-life-with-bread-crumbs,Still Life with Bread Crumbs,,,Â£26.41,https://books.toscrape.com/media/cache/a3/eb/a3ebe1ca5df0d3ff3e3d2b8fb8b2a551.jpg
mr.-mercedes-(bill-hodges-trilogy-#1),Mr. Mercedes (Bill Hodges Trilogy #1),,,Â£28.90,https://books.toscrape.com/media/cache/65/7f/657f9a3b7c0579c7fa499dddddd59422.jpg
my-mrs.-brown,My Mrs. Brown,,,Â£24.48,https://books.toscrape.com/media/cache/2d/a3/2da3464fa2010bebedfba9eca77e42be.jpg
i-am-pilgrim-(pilgrim-#1),I Am Pilgrim (Pilgrim #1),,,Â£10.60,https://books.toscrape.com/media/cache/8d/a3/8da36f821f35b795a3a420c84ca9737e.jpg
eligible-(the-austen-project-#4),Eligible (The Austen Project #4),,,Â£27.09,https://books.toscrape.com/media/cache/0a/9a/0a9a0b211bee87b544bd97a8320a0b73.jpg
"the-mindfulness-and-acceptance-workbook-for-anxiety:-a-guide-to-breaking-free-from-anxiety,-phobias,-and-worry-using-acceptance-and-commitment-therapy","The Mindfulness and Acceptance Workbook for Anxiety: A Guide to Breaking Free from Anxiety, Phobias, and Worry Using Acceptance and Commitment Therapy",,,Â£23.89,https://books.toscrape.com/media/cache/c9/eb/c9eb6ecf45abf796df0044600db65e55.jpg
the-white-queen-(the-cousins'-war-#1),The White Queen (The Cousins' War #1),,,Â£25.91,https://books.toscrape.com/media/cache/11/40/11400b5532ad710359584a68db50f33c.jpg
"shobu-samurai,-project-aryoku-(#3)","Shobu Samurai, Project Aryoku (#3)",,,Â£29.06,https://books.toscrape.com/media/cache/f3/7f/f37f3173a97baeac6b6421c54a6df7b5.jpg
the-art-forger,The Art Forger,,,Â£40.76,https://books.toscrape.com/media/cache/f5/3b/f53bc7b18914c97de7c23967293be119.jpg
the-torch-is-passed:-a-harding-family-story,The Torch Is Passed: A Harding Family Story,,,Â£19.09,https://books.toscrape.com/media/cache/c7/26/c7260547c468dbe78af92cf3927c2a1c.jpg
modern-romance,Modern Romance,,,Â£28.26,https://books.toscrape.com/media/cache/78/cb/78cb28a3e8804131e8e0c3f7b8deb2fc.jpg
judo:-seven-steps-to-black-belt-(an-introductory-guide-for-beginners),Judo: Seven Steps to Black Belt (an Introductory Guide for Beginners),,,Â£53.90,https://books.toscrape.com/media/cache/6d/80/6d80608ef81001ad068df06fae44b7f8.jpg
on-a-midnight-clear,On a Midnight Clear,,,Â£14.07,https://books.toscrape.com/media/cache/75/9d/759d9276739200e2cb8101a36449ba20.jpg
the-song-of-achilles,The Song of Achilles,,,Â£37.40,https://books.toscrape.com/media/cache/4e/56/4e56783b21a3a5c73e32e59241a351ac.jpg
the-immortal-life-of-henrietta-lacks,The Immortal Life of Henrietta Lacks,,,Â£40.67,https://books.toscrape.com/media/cache/92/4d/924d855a0ad5774410b0bb7c71afa788.jpg
more-than-music-(chasing-the-dream-#1),More Than Music (Chasing the Dream #1),,,Â£37.61,https://books.toscrape.com/media/cache/e7/00/e7000cd6975d8932b9178de9386b944d.jpg
code-name-verity-(code-name-verity-#1),Code Name Verity (Code Name Verity #1),,,Â£22.13,https://books.toscrape.com/media/cache/65/9a/659ada7d88e3bda8db70f7e5312a39e2.jpg
the-dovekeepers,The Dovekeepers,,,Â£48.78,https://books.toscrape.com/media/cache/24/86/248641d1d03b4dbfe3a7db4e20552973.jpg
cell,Cell,,,Â£20.29,https://books.toscrape.com/media/cache/03/da/03da11f81eda5e742df8a39e90c21c70.jpg
angels-walking-(angels-walking-#1),Angels Walking (Angels Walking #1),,,Â£34.20,https://books.toscrape.com/media/cache/ba/d9/bad95369105e8e403bf1f2b9288c5e41.jpg
"a-series-of-catastrophes-and-miracles:-a-true-story-of-love,-science,-and-cancer","A Series of Catastrophes and Miracles: A True Story of Love, Science, and Cancer",,,Â£56.48,https://books.toscrape.com/media/cache/07/5f/075fff6094c0805f9f6b9e12561aeb87.jpg
a-people's-history-of-the-united-states,A People's History of the United States,,,Â£40.79,https://books.toscrape.com/media/cache/bd/93/bd930adc47ee0dc240f8134f70f431ad.jpg
a-brush-of-wings-(angels-walking-#3),A Brush of Wings (Angels Walking #3),,,Â£55.51,https://books.toscrape.com/media/cache/19/11/1911d173c8e812518900af9aa16d9e46.jpg
rook,Rook,,,Â£37.86,https://books.toscrape.com/media/cache/64/ab/64ab238bea10c4f25fa5bc9129a35370.jpg
the-midnight-watch:-a-novel-of-the-titanic-and-the-californian,The Midnight Watch: A Novel of the Titanic and the Californian,,,Â£26.20,https://books.toscrape.com/media/cache/d8/63/d8630e50f24c22765c9591a9297ff2e1.jpg
without-borders-(wanderlove-#1),Without Borders (Wanderlove #1),,,Â£45.07,https://books.toscrape.com/media/cache/de/26/de269ee688d4dc51846567f3942600ce.jpg
the-hook-up-(game-on-#1),The Hook Up (Game On #1),,,Â£36.29,https://books.toscrape.com/media/cache/90/de/90de87ce300bcbbfcdb9ad77fc9a2e5f.jpg
the-matchmaker's-playbook-(wingmen-inc.-#1),The Matchmaker's Playbook (Wingmen Inc. #1),,,Â£55.85,https://books.toscrape.com/media/cache/e9/e3/e9e3736effeb4982324dd0e4e64b2e81.jpg
shameless,Shameless,,,Â£58.35,https://books.toscrape.com/media/cache/e2/52/e252988534e955a047c562376b8b95c0.jpg
the-mistake-(off-campus-#2),The Mistake (Off-Campus #2),,,Â£43.29,https://books.toscrape.com/media/cache/95/49/9549db6862283a388659611bda63b97b.jpg
off-sides-(off-#1),Off Sides (Off #1),,,Â£39.45,https://books.toscrape.com/media/cache/4a/58/4a58f6feb21b7194911eddb020766583.jpg
burning,Burning,,,Â£28.81,https://books.toscrape.com/media/cache/9a/2c/9a2c2936fa9bd422be96805924e1411a.jpg
set-me-free,Set Me Free,,,Â£17.46,https://books.toscrape.com/media/cache/b8/e9/b8e91bd2fc74c3954118999238abb4b8.jpg
the-requiem-red,The Requiem Red,,,Â£22.65,https://books.toscrape.com/media/cache/6b/07/6b07b77236b7c80f42bd90bf325e69f6.jpg
"nightingale,-sing","Nightingale, Sing",,,Â£38.28,https://books.toscrape.com/media/cache/97/e6/97e65c8381cc80ba1107c3ce81c4878d.jpg
scarlett-epstein-hates-it-here,Scarlett Epstein Hates It Here,,,Â£43.55,https://books.toscrape.com/media/cache/7e/ba/7eba21a2ecaa4651e44f04a7cd808520.jpg
a-fierce-and-subtle-poison,A Fierce and Subtle Poison,,,Â£28.13,https://books.toscrape.com/media/cache/ac/b6/acb65d6d11263ba98b0191b544f6c728.jpg
obsidian-(lux-#1),Obsidian (Lux #1),,,Â£14.86,https://books.toscrape.com/media/cache/88/3f/883fb0f2304efca8724c629f03a4b82a.jpg
the-natural-history-of-us-(the-fine-art-of-pretending-#2),The Natural History of Us (The Fine Art of Pretending #2),,,Â£45.22,https://books.toscrape.com/media/cache/da/b8/dab87c14168f3ce18530447ec6437361.jpg
library-of-souls-(miss-peregrineâs-peculiar-children-#3),Library of Souls (Miss Peregrineâs Peculiar Children #3),,,Â£48.56,https://books.toscrape.com/media/cache/79/7a/797a5468a7d06aba28d1cc7342b1f2ba.jpg
frostbite-(vampire-academy-#2),Frostbite (Vampire Academy #2),,,Â£29.99,https://books.toscrape.com/media/cache/2a/2d/2a2d6ebcedeb7249a2a85fd1fbfd06e1.jpg
wild-swans,Wild Swans,,,Â£14.36,https://books.toscrape.com/media/cache/ad/42/ad42a85570a887faf1b9e12715cf59bf.jpg
until-friday-night-(the-field-party-#1),Until Friday Night (The Field Party #1),,,Â£46.31,https://books.toscrape.com/media/cache/e1/24/e1249f72129bd4b788ffd0cdd7834c24.jpg
this-is-where-it-ends,This Is Where It Ends,,,Â£27.12,https://books.toscrape.com/media/cache/8e/dc/8edc314a67ed5ddad7bd0a2f30ad3238.jpg
don't-get-caught,Don't Get Caught,,,Â£55.35,https://books.toscrape.com/media/cache/78/11/78112d48a74583a7acc24a2b46a9f59d.jpg
my-kind-of-crazy,My Kind of Crazy,,,Â£40.36,https://books.toscrape.com/media/cache/2b/38/2b38dc9b90299a9755fb15bed3293342.jpg
the-darkest-lie,The Darkest Lie,,,Â£35.35,https://books.toscrape.com/media/cache/3b/6a/3b6ae7b1d7736819f4f44605441e283e.jpg
catching-jordan-(hundred-oaks),Catching Jordan (Hundred Oaks),,,Â£50.83,https://books.toscrape.com/media/cache/f4/8b/f48b76634af0040d4eea1ee896d3676b.jpg
aristotle-and-dante-discover-the-secrets-of-the-universe-(aristotle-and-dante-discover-the-secrets-of-the-universe-#1),Aristotle and Dante Discover the Secrets of the Universe (Aristotle and Dante Discover the Secrets of the Universe #1),,,Â£58.14,https://books.toscrape.com/media/cache/e5/3a/e53a42b20d0c60634289aaad3fbb75c6.jpg
the-epidemic-(the-program-0.6),The Epidemic (The Program 0.6),,,Â£14.44,https://books.toscrape.com/media/cache/b6/2f/b62f16c69886271a55d3717883323283.jpg
stars-above-(the-lunar-chronicles-#4.5),Stars Above (The Lunar Chronicles #4.5),,,Â£48.05,https://books.toscrape.com/media/cache/8f/22/8f221677f6d28eba048ebb505fcfd90a.jpg
"vampire-knight,-vol.-1-(vampire-knight-#1)","Vampire Knight, Vol. 1 (Vampire Knight #1)",,,Â£15.40,https://books.toscrape.com/media/cache/39/82/39826643a2e100f9e763079d7d5867f4.jpg
you-are-what-you-love:-the-spiritual-power-of-habit,You Are What You Love: The Spiritual Power of Habit,,,Â£21.87,https://books.toscrape.com/media/cache/52/9b/529bf0d806ae2ab02bf23da4326b24c3.jpg
"don't-be-a-jerk:-and-other-practical-advice-from-dogen,-japan's-greatest-zen-master","Don't Be a Jerk: And Other Practical Advice from Dogen, Japan's Greatest Zen Master",,,Â£37.97,https://books.toscrape.com/media/cache/a7/9c/a79cac7aec3816fb754c1aedd2e82986.jpg
the-book-of-mormon,The Book of Mormon,,,Â£24.57,https://books.toscrape.com/media/cache/d7/c8/d7c885771d5e843cc2db6b0e5183c0c5.jpg
choosing-our-religion:-the-spiritual-lives-of-america's-nones,Choosing Our Religion: The Spiritual Lives of America's Nones,,,Â£28.42,https://books.toscrape.com/media/cache/e9/8a/e98a7adb82052fb13418a43291b8f0d4.jpg
god:-the-most-unpleasant-character-in-all-fiction,God: The Most Unpleasant Character in All Fiction,,,Â£30.03,https://books.toscrape.com/media/cache/41/d8/41d8915a712c2a56f1c5182c11445551.jpg
the-bhagavad-gita,The Bhagavad Gita,,,Â£57.49,https://books.toscrape.com/media/cache/13/27/13270087ac5cba3e999166a64991187a.jpg
"a-history-of-god:-the-4,000-year-quest-of-judaism,-christianity,-and-islam","A History of God: The 4,000-Year Quest of Judaism, Christianity, and Islam",,,Â£27.62,https://books.toscrape.com/media/cache/fd/99/fd996fdccb07aa8759f1388a0dea343a.jpg
sugar-rush-(offensive-line-#2),Sugar Rush (Offensive Line #2),,,Â£24.42,https://books.toscrape.com/media/cache/10/65/106598cd8f3437c26a92cbda0a5a08bb.jpg
settling-the-score-(the-summer-games-#1),Settling the Score (The Summer Games #1),,,Â£44.91,https://books.toscrape.com/media/cache/95/c4/95c41c1765b517d6240bd674a02676b1.jpg
icing-(aces-hockey-#2),Icing (Aces Hockey #2),,,Â£40.44,https://books.toscrape.com/media/cache/bf/31/bf31c4b40f6b2622330155fb9113a3bb.jpg
the-book-of-basketball:-the-nba-according-to-the-sports-guy,The Book of Basketball: The NBA According to The Sports Guy,,,Â£44.84,https://books.toscrape.com/media/cache/73/bb/73bbe0a70806f8a732b9a7a7a343c5ec.jpg
"friday-night-lights:-a-town,-a-team,-and-a-dream","Friday Night Lights: A Town, a Team, and a Dream",,,Â£51.22,https://books.toscrape.com/media/cache/89/e8/89e87f1e98993377949855563aa1f982.jpg
feathers:-displays-of-brilliant-plumage,Feathers: Displays of Brilliant Plumage,,,Â£49.05,https://books.toscrape.com/media/cache/0a/d4/0ad48326a0d2dbda145c94e1d50ef673.jpg
wall-and-piece,Wall and Piece,,,Â£44.18,https://books.toscrape.com/media/cache/df/34/df346322ddfdd3b4da0e34cad17f49dc.jpg
ways-of-seeing,Ways of Seeing,,,Â£39.51,https://books.toscrape.com/media/cache/a5/54/a5542b7abc8673ea8254a3fe93b23e4e.jpg
the-story-of-art,The Story of Art,,,Â£41.14,https://books.toscrape.com/media/cache/7a/e9/7ae92da23efc2f0f4633f9d2cde370f3.jpg
the-art-book,The Art Book,,,Â£32.34,https://books.toscrape.com/media/cache/76/90/76904c101329aa50b6653f399318970b.jpg
the-new-drawing-on-the-right-side-of-the-brain,The New Drawing on the Right Side of the Brain,,,Â£43.02,https://books.toscrape.com/media/cache/0a/8f/0a8f6461714ec9868dea0d37c5da5a81.jpg
history-of-beauty,History of Beauty,,,Â£10.29,https://books.toscrape.com/media/cache/cb/74/cb74d2953d5249143c3c2e3c281daf6f.jpg
art-and-fear:-observations-on-the-perils-(and-rewards)-of-artmaking,Art and Fear: Observations on the Perils (and Rewards) of Artmaking,,,Â£48.63,https://books.toscrape.com/media/cache/87/82/87822798b42545d589822bc712dc38a6.jpg
aladdin-and-his-wonderful-lamp,Aladdin and His Wonderful Lamp,,,Â£53.13,https://books.toscrape.com/media/cache/a8/3c/a83c460fab82f35a37c0846729485547.jpg
"the-coming-woman:-a-novel-based-on-the-life-of-the-infamous-feminist,-victoria-woodhull","The Coming Woman: A Novel Based on the Life of the Infamous Feminist, Victoria Woodhull",,,Â£17.93,https://books.toscrape.com/media/cache/97/36/9736132a43b8e6e3989932218ef309ed.jpg
"the-inefficiency-assassin:-time-management-tactics-for-working-smarter,-not-longer","The Inefficiency Assassin: Time Management Tactics for Working Smarter, Not Longer",,,Â£20.59,https://books.toscrape.com/media/cache/a5/b8/a5b8d2d5165a06fc762e8eaf8b04f98f.jpg
the-boys-in-the-boat:-nine-americans-and-their-epic-quest-for-gold-at-the-1936-berlin-olympics,The Boys in the Boat: Nine Americans and Their Epic Quest for Gold at the 1936 Berlin Olympics,,,Â£22.60,https://books.toscrape.com/media/cache/d1/2d/d12d26739b5369a6b5b3024e4d08f907.jpg
maude-(1883-1993):she-grew-up-with-the-country,Maude (1883-1993):She Grew Up with the country,,,Â£18.02,https://books.toscrape.com/media/cache/65/bf/65bfa3acc93b0e558a1c3de1b1164742.jpg
america's-cradle-of-quarterbacks:-western-pennsylvania's-football-factory-from-johnny-unitas-to-joe-montana,America's Cradle of Quarterbacks: Western Pennsylvania's Football Factory from Johnny Unitas to Joe Montana,,,Â£22.50,https://books.toscrape.com/media/cache/a3/2a/a32ab3b8c024c6c2b274a86b185e7585.jpg
"starving-hearts-(triangular-trade-trilogy,-#1)","Starving Hearts (Triangular Trade Trilogy, #1)",,,Â£13.99,https://books.toscrape.com/media/cache/a0/7e/a07ed8f1c23f7b4baf7102722680bd30.jpg
penny-maybe,Penny Maybe,,,Â£33.29,https://books.toscrape.com/media/cache/b1/4b/b14be641ab97a330891455a769d52fd3.jpg
bossypants,Bossypants,,,Â£49.46,https://books.toscrape.com/media/cache/94/34/943490007d42c0bc066efc899dafa472.jpg
soul-reader,Soul Reader,,,Â£39.58,https://books.toscrape.com/media/cache/cc/5e/cc5e82c2205da748c6c19fbc1876586b.jpg
a-world-of-flavor:-your-gluten-free-passport,A World of Flavor: Your Gluten Free Passport,,,Â£42.95,https://books.toscrape.com/media/cache/0a/6a/0a6a53a8d37584a7906d2d5a0032f9c1.jpg
"a-piece-of-sky,-a-grain-of-rice:-a-memoir-in-four-meditations","A Piece of Sky, a Grain of Rice: A Memoir in Four Meditations",,,Â£56.76,https://books.toscrape.com/media/cache/09/6d/096df83de35d408278fdc9108d930b5f.jpg
the-psychopath-test:-a-journey-through-the-madness-industry,The Psychopath Test: A Journey Through the Madness Industry,,,Â£36.00,https://books.toscrape.com/media/cache/dd/63/dd637b4e7cb403932e6a29397d877e4e.jpg
thirteen-reasons-why,Thirteen Reasons Why,,,Â£52.72,https://books.toscrape.com/media/cache/6d/7b/6d7b69b4edcdf5b6b075d6fa53bf74bc.jpg
the-secret-(the-secret-#1),The Secret (The Secret #1),,,Â£27.37,https://books.toscrape.com/media/cache/d3/70/d37038f81b8ad0342346951271c31e58.jpg
tracing-numbers-on-a-train,Tracing Numbers on a Train,,,Â£41.60,https://books.toscrape.com/media/cache/0a/05/0a0514153dac092aac76b097b495f908.jpg
the-kite-runner,The Kite Runner,,,Â£41.82,https://books.toscrape.com/media/cache/65/1e/651e956a041bf4b91bfba1374f0f91e7.jpg
the-emerald-mystery,The Emerald Mystery,,,Â£23.15,https://books.toscrape.com/media/cache/bc/1f/bc1f79af87032748b75d12079f51c031.jpg
the-bridge-to-consciousness:-i'm-writing-the-bridge-between-science-and-our-old-and-new-beliefs.,The Bridge to Consciousness: I'm Writing the Bridge Between Science and Our Old and New Beliefs.,,,Â£32.00,https://books.toscrape.com/media/cache/39/c7/39c7bebcde5d9643ede71ac8ee87ee69.jpg
the-girl-on-the-train,The Girl on the Train,,,Â£55.02,https://books.toscrape.com/media/cache/19/ed/19ed2156391eebbcd757a0d9f6d5860c.jpg
the-long-shadow-of-small-ghosts:-murder-and-memory-in-an-american-city,The Long Shadow of Small Ghosts: Murder and Memory in an American City,,,Â£10.97,https://books.toscrape.com/media/cache/2b/50/2b50fa031b2411a94bc68de0bbdd96fb.jpg
sophie's-world,Sophie's World,,,Â£15.94,https://books.toscrape.com/media/cache/d7/39/d73914232130fdf90d66f02fd9798f2b.jpg
"run,-spot,-run:-the-ethics-of-keeping-pets","Run, Spot, Run: The Ethics of Keeping Pets",,,Â£20.02,https://books.toscrape.com/media/cache/8c/bf/8cbf4667b5798cb8195f1e126ddd6a5c.jpg
the-stranger,The Stranger,,,Â£17.44,https://books.toscrape.com/media/cache/c8/1a/c81aea97de1daaa0081d96f8564c204c.jpg
"at-the-existentialist-cafã©:-freedom,-being,-and-apricot-cocktails-with:-jean-paul-sartre,-simone-de-beauvoir,-albert-camus,-martin-heidegger,-edmund-husserl,-karl-jaspers,-maurice-merleau-ponty-and-others","At The Existentialist CafÃ©: Freedom, Being, and apricot cocktails with: Jean-Paul Sartre, Simone de Beauvoir, Albert Camus, Martin Heidegger, Edmund Husserl, Karl Jaspers, Maurice Merleau-Ponty and others",,,Â£29.93,https://books.toscrape.com/media/cache/ce/da/ceda6d577d0609261f997bd99872013b.jpg
kierkegaard:-a-christian-missionary-to-christians,Kierkegaard: A Christian Missionary to Christians,,,Â£47.13,https://books.toscrape.com/media/cache/bf/90/bf90ad2c3cab628096db8fca010797b4.jpg
proofs-of-god:-classical-arguments-from-tertullian-to-barth,Proofs of God: Classical Arguments from Tertullian to Barth,,,Â£54.21,https://books.toscrape.com/media/cache/f6/cb/f6cb2300a1235a344f1c11b2be9a605d.jpg
critique-of-pure-reason,Critique of Pure Reason,,,Â£20.75,https://books.toscrape.com/media/cache/3b/28/3b28ec3663a81d36272a08e5a49644f2.jpg
the-death-of-humanity:-and-the-case-for-life,The Death of Humanity: and the Case for Life,,,Â£58.11,https://books.toscrape.com/media/cache/3f/f6/3ff6fe5d0c5ca7ab2ed8b5971e299caa.jpg
the-nicomachean-ethics,The Nicomachean Ethics,,,Â£36.34,https://books.toscrape.com/media/cache/16/f4/16f4518319f7dcadc23d020279f78545.jpg
meditations,Meditations,,,Â£25.89,https://books.toscrape.com/media/cache/90/f7/90f79652caecac36bc97bf7b769c8fc4.jpg
beyond-good-and-evil,Beyond Good and Evil,,,Â£43.38,https://books.toscrape.com/media/cache/d1/7f/d17f326e3fcaf84c37d6d51e3470bcc6.jpg
dark-notes,Dark Notes,,,Â£19.19,https://books.toscrape.com/media/cache/1c/88/1c8807c42be085f3b061fe63f62a3c39.jpg
catastrophic-happiness:-finding-joy-in-childhood's-messy-years,Catastrophic Happiness: Finding Joy in Childhood's Messy Years,,,Â£37.35,https://books.toscrape.com/media/cache/3c/b9/3cb9c84d2a6a66f8bb6601d4f33deaa0.jpg
the-10%-entrepreneur:-live-your-startup-dream-without-quitting-your-day-job,The 10% Entrepreneur: Live Your Startup Dream Without Quitting Your Day Job,,,Â£27.55,https://books.toscrape.com/media/cache/50/4b/504b1891508614ff9393563f69d66c95.jpg
the-dirty-little-secrets-of-getting-your-dream-job,The Dirty Little Secrets of Getting Your Dream Job,,,Â£33.34,https://books.toscrape.com/media/cache/e1/1b/e11bea016d0ae1d7e2dd46fb3cb870b7.jpg
shoe-dog:-a-memoir-by-the-creator-of-nike,Shoe Dog: A Memoir by the Creator of NIKE,,,Â£23.99,https://books.toscrape.com/media/cache/fc/21/fc21d144c7289e5b1cb133e01a925126.jpg
the-art-of-startup-fundraising,The Art of Startup Fundraising,,,Â£21.00,https://books.toscrape.com/media/cache/67/e8/67e81a7a82578a919a48816330836090.jpg
quench-your-own-thirst:-business-lessons-learned-over-a-beer-or-two,Quench Your Own Thirst: Business Lessons Learned Over a Beer or Two,,,Â£43.14,https://books.toscrape.com/media/cache/fe/1a/fe1afbd5caf79c3c957bfc5cf46f141e.jpg
the-third-wave:-an-entrepreneurâs-vision-of-the-future,The Third Wave: An Entrepreneurâs Vision of the Future,,,Â£12.61,https://books.toscrape.com/media/cache/0f/76/0f76b00ea914ced1822d8ac3480c485f.jpg
born-for-this:-how-to-find-the-work-you-were-meant-to-do,Born for This: How to Find the Work You Were Meant to Do,,,Â£21.59,https://books.toscrape.com/media/cache/9f/e7/9fe7f6432f216b166cb36f16130f20f6.jpg
made-to-stick:-why-some-ideas-survive-and-others-die,Made to Stick: Why Some Ideas Survive and Others Die,,,Â£38.85,https://books.toscrape.com/media/cache/1e/3e/1e3e1572e17ade03b21c44617fbc4d68.jpg
"rich-dad,-poor-dad","Rich Dad, Poor Dad",,,Â£51.74,https://books.toscrape.com/media/cache/46/1c/461cf454be3aac0b4cd066247c892679.jpg
the-e-myth-revisited:-why-most-small-businesses-don't-work-and-what-to-do-about-it,The E-Myth Revisited: Why Most Small Businesses Don't Work and What to Do About It,,,Â£36.91,https://books.toscrape.com/media/cache/a5/7e/a57ef7bdbaf704fca07ab6dd125b54f9.jpg
the-lean-startup:-how-today's-entrepreneurs-use-continuous-innovation-to-create-radically-successful-businesses,The Lean Startup: How Today's Entrepreneurs Use Continuous Innovation to Create Radically Successful Businesses,,,Â£33.92,https://books.toscrape.com/media/cache/52/6e/526e9f360da288db64ca70c89cdbcaa9.jpg
rework,Rework,,,Â£44.88,https://books.toscrape.com/media/cache/12/23/12233a9d0bf8187a988c27c6a54b3d31.jpg
naked,Naked,,,Â£31.69,https://books.toscrape.com/media/cache/80/2b/802b92421a7314b0a6afef8a9754cf5c.jpg
i-know-what-i'm-doing----and-other-lies-i-tell-myself:-dispatches-from-a-life-under-construction,I Know What I'm Doing -- and Other Lies I Tell Myself: Dispatches from a Life Under Construction,,,Â£25.98,https://books.toscrape.com/media/cache/04/ab/04ab560690b2383512d2fdf4c6366b1e.jpg
old-school-(diary-of-a-wimpy-kid-#10),Old School (Diary of a Wimpy Kid #10),,,Â£11.83,https://books.toscrape.com/media/cache/55/82/5582626cb185a8eb2914c15d5287afbd.jpg
"hyperbole-and-a-half:-unfortunate-situations,-flawed-coping-mechanisms,-mayhem,-and-other-things-that-happened","Hyperbole and a Half: Unfortunate Situations, Flawed Coping Mechanisms, Mayhem, and Other Things That Happened",,,Â£14.75,https://books.toscrape.com/media/cache/25/1d/251df0eb9b321159b0ee348d4a9da2af.jpg
dress-your-family-in-corduroy-and-denim,Dress Your Family in Corduroy and Denim,,,Â£43.68,https://books.toscrape.com/media/cache/9c/2b/9c2bdd3040938c144345a115fb906562.jpg
the-long-haul-(diary-of-a-wimpy-kid-#9),The Long Haul (Diary of a Wimpy Kid #9),,,Â£44.07,https://books.toscrape.com/media/cache/b1/e6/b1e6c747381261cd6e60ac9d350c4bab.jpg
when-you-are-engulfed-in-flames,When You Are Engulfed in Flames,,,Â£30.89,https://books.toscrape.com/media/cache/42/1a/421afe48509fc8cccccad804b64c58dc.jpg
toddlers-are-a**holes:-it's-not-your-fault,Toddlers Are A**holes: It's Not Your Fault,,,Â£25.55,https://books.toscrape.com/media/cache/26/1a/261a092ddd76981beb23a601edf0868b.jpg
"lamb:-the-gospel-according-to-biff,-christ's-childhood-pal","Lamb: The Gospel According to Biff, Christ's Childhood Pal",,,Â£55.50,https://books.toscrape.com/media/cache/c4/69/c469440eeffdd84ac3f4b09bd575c548.jpg
holidays-on-ice,Holidays on Ice,,,Â£51.07,https://books.toscrape.com/media/cache/57/4c/574cbab555bb7d21e50b20267383e45d.jpg
m-train,M Train,,,Â£27.18,https://books.toscrape.com/media/cache/f0/9f/f09fd4a3200b94db86364f308ac02530.jpg
approval-junkie:-adventures-in-caring-too-much,Approval Junkie: Adventures in Caring Too Much,,,Â£58.81,https://books.toscrape.com/media/cache/96/6d/966d8d2afdead087cba0f29a69f89ba5.jpg
running-with-scissors,Running with Scissors,,,Â£12.91,https://books.toscrape.com/media/cache/4c/e1/4ce1ed40df359e001020e1ea55674381.jpg
lust-&-wonder,Lust & Wonder,,,Â£11.87,https://books.toscrape.com/media/cache/25/1c/251ce4355601534338a646f2b63be93a.jpg
lab-girl,Lab Girl,,,Â£40.85,https://books.toscrape.com/media/cache/26/ff/26ffcda626a5561e483afa19b58db8ac.jpg
the-argonauts,The Argonauts,,,Â£10.93,https://books.toscrape.com/media/cache/22/d0/22d01c710471f94dabfa41083fa3cf4e.jpg
me-talk-pretty-one-day,Me Talk Pretty One Day,,,Â£57.60,https://books.toscrape.com/media/cache/61/b2/61b220c2079a45a7975a397c8849e00e.jpg
life-without-a-recipe,Life Without a Recipe,,,Â£59.04,https://books.toscrape.com/media/cache/9e/4f/9e4fb935df3113056cc9bdee6cd09ea6.jpg
a-heartbreaking-work-of-staggering-genius,A Heartbreaking Work of Staggering Genius,,,Â£54.29,https://books.toscrape.com/media/cache/47/f3/47f3d4f1e85773bf41ba64a036e37994.jpg
you-(you-#1),You (You #1),,,Â£43.61,https://books.toscrape.com/media/cache/f2/f1/f2f19169771a8a8e1a4b72f22e799de8.jpg
in-her-wake,In Her Wake,,,Â£12.84,https://books.toscrape.com/media/cache/27/92/2792ef951651ff1eae40a410cac41e0f.jpg
killing-floor-(jack-reacher-#1),Killing Floor (Jack Reacher #1),,,Â£31.49,https://books.toscrape.com/media/cache/b1/5b/b15b4c864b762133cdaf69b58ba55d76.jpg
give-it-back,Give It Back,,,Â£18.32,https://books.toscrape.com/media/cache/15/d4/15d444bf7fc91c7ced84e73ec99d711d.jpg
behind-closed-doors,Behind Closed Doors,,,Â£52.22,https://books.toscrape.com/media/cache/a5/85/a58571db229f2e8f75ea38861eca7f39.jpg
the-elephant-tree,The Elephant Tree,,,Â£23.82,https://books.toscrape.com/media/cache/4b/80/4b80a3d9148e224ed4d6cd4d33f43728.jpg
the-guilty-(will-robie-#4),The Guilty (Will Robie #4),,,Â£13.82,https://books.toscrape.com/media/cache/7f/fd/7ffdc9c4b7bf965990c59460da9b66b7.jpg
the-14th-colony-(cotton-malone-#11),The 14th Colony (Cotton Malone #11),,,Â£39.24,https://books.toscrape.com/media/cache/5b/3e/5b3e36ce7c82e9dd8b416a23531c0121.jpg
the-bone-hunters-(lexy-vaughan-&-steven-macaulay-#2),The Bone Hunters (Lexy Vaughan & Steven Macaulay #2),,,Â£59.71,https://books.toscrape.com/media/cache/8d/1f/8d1f11673fbe46f47f27b9a4c8efbf8a.jpg
the-travelers,The Travelers,,,Â£15.77,https://books.toscrape.com/media/cache/42/a3/42a345bdcb3e13d5922ff79cd1c07d0e.jpg
far-from-true-(promise-falls-trilogy-#2),Far From True (Promise Falls Trilogy #2),,,Â£34.93,https://books.toscrape.com/media/cache/9c/aa/9caacda3ff43984447ee22712e7e9ca9.jpg
this-one-summer,This One Summer,,,Â£19.49,https://books.toscrape.com/media/cache/ee/43/ee4364a59d66bafb1b3264419ab3ed9e.jpg
"pop-gun-war,-volume-1:-gift","Pop Gun War, Volume 1: Gift",,,Â£18.97,https://books.toscrape.com/media/cache/6f/7b/6f7b3b8445b943f4ff7426360daefb88.jpg
"saga,-volume-5-(saga-(collected-editions)-#5)","Saga, Volume 5 (Saga (Collected Editions) #5)",,,Â£51.04,https://books.toscrape.com/media/cache/60/3c/603c8f3dd299efe67616a53e5bfb1d03.jpg
scott-pilgrim's-precious-little-life-(scott-pilgrim-#1),Scott Pilgrim's Precious Little Life (Scott Pilgrim #1),,,Â£52.29,https://books.toscrape.com/media/cache/97/27/97275841c81e66d53bf9313cba06f23e.jpg
tsubasa:-world-chronicle-2-(tsubasa-world-chronicle-#2),Tsubasa: WoRLD CHRoNiCLE 2 (Tsubasa WoRLD CHRoNiCLE #2),,,Â£16.28,https://books.toscrape.com/media/cache/8b/ab/8bab133ec9f8248a8d5f5ea5c09d0f56.jpg
"rat-queens,-vol.-3:-demons-(rat-queens-(collected-editions)-#11-15)","Rat Queens, Vol. 3: Demons (Rat Queens (Collected Editions) #11-15)",,,Â£50.40,https://books.toscrape.com/media/cache/d5/d0/d5d015a9cf899301cce5d1a629bdd974.jpg
the-nameless-city-(the-nameless-city-#1),The Nameless City (The Nameless City #1),,,Â£38.16,https://books.toscrape.com/media/cache/19/de/19deee0778c2406da04a4dd0ea09188f.jpg
"princess-jellyfish-2-in-1-omnibus,-vol.-01-(princess-jellyfish-2-in-1-omnibus-#1)","Princess Jellyfish 2-in-1 Omnibus, Vol. 01 (Princess Jellyfish 2-in-1 Omnibus #1)",,,Â£13.61,https://books.toscrape.com/media/cache/6c/8f/6c8ffe949fb650ba60eff25be1692881.jpg
patience,Patience,,,Â£10.16,https://books.toscrape.com/media/cache/71/0c/710cdaa148f10aac35c27bb93b4f532e.jpg
"outcast,-vol.-1:-a-darkness-surrounds-him-(outcast-#1)","Outcast, Vol. 1: A Darkness Surrounds Him (Outcast #1)",,,Â£15.44,https://books.toscrape.com/media/cache/0c/8a/0c8ae80b592bc1b4c555d6b29d1cfa28.jpg
orange:-the-complete-collection-1-(orange:-the-complete-collection-#1),orange: The Complete Collection 1 (orange: The Complete Collection #1),,,Â£48.41,https://books.toscrape.com/media/cache/33/0b/330bf57e3f2e70548f87d39cb956f7eb.jpg
"lumberjanes,-vol.-2:-friendship-to-the-max-(lumberjanes-#5-8)","Lumberjanes, Vol. 2: Friendship to the Max (Lumberjanes #5-8)",,,Â£46.91,https://books.toscrape.com/media/cache/67/f8/67f83a06f77d0ff3b06cb8ac04839422.jpg
"lumberjanes,-vol.-1:-beware-the-kitten-holy-(lumberjanes-#1-4)","Lumberjanes, Vol. 1: Beware the Kitten Holy (Lumberjanes #1-4)",,,Â£45.61,https://books.toscrape.com/media/cache/1c/78/1c78cb31ededc4c662857cf65bd1619d.jpg
"i-hate-fairyland,-vol.-1:-madly-ever-after-(i-hate-fairyland-(compilations)-#1-5)","I Hate Fairyland, Vol. 1: Madly Ever After (I Hate Fairyland (Compilations) #1-5)",,,Â£29.17,https://books.toscrape.com/media/cache/58/e2/58e2097169e92a95d973da420ce7cc98.jpg
i-am-a-hero-omnibus-volume-1,I am a Hero Omnibus Volume 1,,,Â£54.63,https://books.toscrape.com/media/cache/f7/4d/f74db5141becf01083abc03c078f4922.jpg
lumberjanes-vol.-3:-a-terrible-plan-(lumberjanes-#9-12),Lumberjanes Vol. 3: A Terrible Plan (Lumberjanes #9-12),,,Â£19.92,https://books.toscrape.com/media/cache/d6/9b/d69b7020c4210e12882ffca0428919a2.jpg
"giant-days,-vol.-2-(giant-days-#5-8)","Giant Days, Vol. 2 (Giant Days #5-8)",,,Â£22.11,https://books.toscrape.com/media/cache/d0/6f/d06ff4e3b9daf93b18bb21f1af19b5eb.jpg
"codename-baboushka,-volume-1:-the-conclave-of-death","Codename Baboushka, Volume 1: The Conclave of Death",,,Â£36.72,https://books.toscrape.com/media/cache/ed/a5/eda54d1bfcdd39488013f7aae1eaf659.jpg
danganronpa-volume-1,Danganronpa Volume 1,,,Â£51.99,https://books.toscrape.com/media/cache/ce/39/ce3942d9a10b6a17805136ace7c140fa.jpg
camp-midnight,Camp Midnight,,,Â£17.08,https://books.toscrape.com/media/cache/7a/67/7a671ecf69cdcd2ea9ebe85da1b5585f.jpg
blue-like-jazz:-nonreligious-thoughts-on-christian-spirituality,Blue Like Jazz: Nonreligious Thoughts on Christian Spirituality,,,Â£25.77,https://books.toscrape.com/media/cache/98/4a/984ab50781e05461a753923eaba33e58.jpg
(un)qualified:-how-god-uses-broken-people-to-do-big-things,(Un)Qualified: How God Uses Broken People to Do Big Things,,,Â£54.00,https://books.toscrape.com/media/cache/e4/f8/e4f8c1c5954e09cb6c485d9db824eeb1.jpg
crazy-love:-overwhelmed-by-a-relentless-god,Crazy Love: Overwhelmed by a Relentless God,,,Â£47.72,https://books.toscrape.com/media/cache/5d/34/5d344393618369df3f560e018b1d9853.jpg
logan-kade-(fallen-crest-high-#5.5),Logan Kade (Fallen Crest High #5.5),,,Â£13.12,https://books.toscrape.com/media/cache/2b/44/2b4404e00c242bf1b8263bdd99c07354.jpg
masks-and-shadows,Masks and Shadows,,,Â£56.40,https://books.toscrape.com/media/cache/05/c4/05c43fe821ae19169c7baa8a54c7e869.jpg
unicorn-tracks,Unicorn Tracks,,,Â£18.78,https://books.toscrape.com/media/cache/9b/09/9b0935dc936c92900c2dc5d2114da72f.jpg
throne-of-glass-(throne-of-glass-#1),Throne of Glass (Throne of Glass #1),,,Â£35.07,https://books.toscrape.com/media/cache/4e/8d/4e8d87d1cb5e876ddb50599a1d1b656e.jpg
"avatar:-the-last-airbender:-smoke-and-shadow,-part-3-(smoke-and-shadow-#3)","Avatar: The Last Airbender: Smoke and Shadow, Part 3 (Smoke and Shadow #3)",,,Â£28.09,https://books.toscrape.com/media/cache/9f/25/9f25ffe4229a32d1368b3dfe248c3343.jpg
"saga,-volume-6-(saga-(collected-editions)-#6)","Saga, Volume 6 (Saga (Collected Editions) #6)",,,Â£25.02,https://books.toscrape.com/media/cache/4a/99/4a996ae54711cea37e370428b54f8b19.jpg
a-court-of-thorns-and-roses-(a-court-of-thorns-and-roses-#1),A Court of Thorns and Roses (A Court of Thorns and Roses #1),,,Â£52.37,https://books.toscrape.com/media/cache/0a/78/0a78f89fc2dc78b700b494c3510e8920.jpg
crown-of-midnight-(throne-of-glass-#2),Crown of Midnight (Throne of Glass #2),,,Â£43.29,https://books.toscrape.com/media/cache/b7/7d/b77d5e56daa3c22822abf1b8affbaef9.jpg
princess-between-worlds-(wide-awake-princess-#5),Princess Between Worlds (Wide-Awake Princess #5),,,Â£13.34,https://books.toscrape.com/media/cache/db/01/db01b38d3200a5faff4ead42791416e4.jpg
the-glittering-court-(the-glittering-court-#1),The Glittering Court (The Glittering Court #1),,,Â£44.28,https://books.toscrape.com/media/cache/2f/21/2f21c9ffd0962092ce337ecd1b338f5b.jpg
hollow-city-(miss-peregrineâs-peculiar-children-#2),Hollow City (Miss Peregrineâs Peculiar Children #2),,,Â£42.98,https://books.toscrape.com/media/cache/4c/fd/4cfd83a011f60d38b140642a441ce01a.jpg
the-hidden-oracle-(the-trials-of-apollo-#1),The Hidden Oracle (The Trials of Apollo #1),,,Â£52.26,https://books.toscrape.com/media/cache/7c/55/7c550a26f03e12343d0c6b4474b3eb1e.jpg
the-star-touched-queen,The Star-Touched Queen,,,Â£46.02,https://books.toscrape.com/media/cache/ac/1a/ac1a0546d9cdf6cd82ab7712a6c418df.jpg
city-of-glass-(the-mortal-instruments-#3),City of Glass (The Mortal Instruments #3),,,Â£56.02,https://books.toscrape.com/media/cache/10/66/106624e3f3bf865390255be16dfb71d8.jpg
island-of-dragons-(unwanteds-#7),Island of Dragons (Unwanteds #7),,,Â£29.65,https://books.toscrape.com/media/cache/0f/65/0f6563cce3cc893cde20b088f6fd4107.jpg
demigods-&-magicians:-percy-and-annabeth-meet-the-kanes-(percy-jackson-&-kane-chronicles-crossover-#1-3),Demigods & Magicians: Percy and Annabeth Meet the Kanes (Percy Jackson & Kane Chronicles Crossover #1-3),,,Â£37.51,https://books.toscrape.com/media/cache/b7/d5/b7d558f31dc9803aeb6c76009fdea5bc.jpg
the-bane-chronicles-(the-bane-chronicles-#1-11),The Bane Chronicles (The Bane Chronicles #1-11),,,Â£44.73,https://books.toscrape.com/media/cache/e9/fe/e9fed5b725a6badd26ef93175fdc248b.jpg
searching-for-meaning-in-gailana,Searching for Meaning in Gailana,,,Â£38.73,https://books.toscrape.com/media/cache/9e/b4/9eb4396139c421fc9f832011c68adb2c.jpg
the-star-touched-queen,The Star-Touched Queen,,,Â£32.30,https://books.toscrape.com/media/cache/dc/57/dc57f908a0a2e130a5c065893a9005dd.jpg
king's-folly-(the-kinsman-chronicles-#1),King's Folly (The Kinsman Chronicles #1),,,Â£39.61,https://books.toscrape.com/media/cache/fc/17/fc17b4149d87d9ee714dde082ede0ee9.jpg
a-shard-of-ice-(the-black-symphony-saga-#1),A Shard of Ice (The Black Symphony Saga #1),,,Â£56.63,https://books.toscrape.com/media/cache/9d/9b/9d9bf1a3155fb3736d2fe12799dcca95.jpg
the-five-love-languages:-how-to-express-heartfelt-commitment-to-your-mate,The Five Love Languages: How to Express Heartfelt Commitment to Your Mate,,,Â£31.05,https://books.toscrape.com/media/cache/7c/10/7c10101fe1759c5a17ba57e4bef9e764.jpg
worlds-elsewhere:-journeys-around-shakespeareâs-globe,Worlds Elsewhere: Journeys Around Shakespeareâs Globe,,,Â£40.30,https://books.toscrape.com/media/cache/7b/d9/7bd93db091d736d0c6ff9d578e3ba3d7.jpg
throwing-rocks-at-the-google-bus:-how-growth-became-the-enemy-of-prosperity,Throwing Rocks at the Google Bus: How Growth Became the Enemy of Prosperity,,,Â£31.12,https://books.toscrape.com/media/cache/f4/21/f4210912ca58ef35f8ad120fe3dfed38.jpg
the-life-changing-magic-of-tidying-up:-the-japanese-art-of-decluttering-and-organizing,The Life-Changing Magic of Tidying Up: The Japanese Art of Decluttering and Organizing,,,Â£16.77,https://books.toscrape.com/media/cache/26/65/2665876e19a6c92130f02cfda3bd3846.jpg
"unseen-city:-the-majesty-of-pigeons,-the-discreet-charm-of-snails-&-other-wonders-of-the-urban-wilderness","Unseen City: The Majesty of Pigeons, the Discreet Charm of Snails & Other Wonders of the Urban Wilderness",,,Â£44.18,https://books.toscrape.com/media/cache/88/a4/88a4b5f7236b8a36ba972be5ebe4f252.jpg
reasons-to-stay-alive,Reasons to Stay Alive,,,Â£26.41,https://books.toscrape.com/media/cache/f5/3c/f53c7d21723c860cfbca2b539bc55b8f.jpg
#higherselfie:-wake-up-your-life.-free-your-soul.-find-your-tribe.,#HigherSelfie: Wake Up Your Life. Free Your Soul. Find Your Tribe.,,,Â£23.11,https://books.toscrape.com/media/cache/71/45/71451e3bba61a8d888a4a2c6526a4bcf.jpg
the-gutsy-girl:-escapades-for-your-life-of-epic-adventure,The Gutsy Girl: Escapades for Your Life of Epic Adventure,,,Â£37.13,https://books.toscrape.com/media/cache/73/cb/73cb1236d96f455d712516fffeae2304.jpg
the-electric-pencil:-drawings-from-inside-state-hospital-no.-3,The Electric Pencil: Drawings from Inside State Hospital No. 3,,,Â£56.06,https://books.toscrape.com/media/cache/b1/0f/b10faf0dee8994865437ffc79682dc2f.jpg
reskilling-america:-learning-to-labor-in-the-twenty-first-century,Reskilling America: Learning to Labor in the Twenty-First Century,,,Â£19.83,https://books.toscrape.com/media/cache/2c/d2/2cd2b814b8a8cd3a49895cbd13a8b1f4.jpg
spark-joy:-an-illustrated-master-class-on-the-art-of-organizing-and-tidying-up,Spark Joy: An Illustrated Master Class on the Art of Organizing and Tidying Up,,,Â£41.83,https://books.toscrape.com/media/cache/17/19/1719475c51206a410a90fe5f3708df4c.jpg
in-the-country-we-love:-my-family-divided,In the Country We Love: My Family Divided,,,Â£22.00,https://books.toscrape.com/media/cache/11/08/1108a8d9ebccd9cd474012121c32a7f5.jpg
call-the-nurse:-true-stories-of-a-country-nurse-on-a-scottish-isle,Call the Nurse: True Stories of a Country Nurse on a Scottish Isle,,,Â£29.14,https://books.toscrape.com/media/cache/c5/f2/c5f2361aab546bc7f851cf93aec94ca3.jpg
everydata:-the-misinformation-hidden-in-the-little-data-you-consume-every-day,Everydata: The Misinformation Hidden in the Little Data You Consume Every Day,,,Â£54.35,https://books.toscrape.com/media/cache/15/97/15972684c6f44f1be5e751d2e067cc16.jpg
the-power-of-now:-a-guide-to-spiritual-enlightenment,The Power of Now: A Guide to Spiritual Enlightenment,,,Â£43.54,https://books.toscrape.com/media/cache/13/2a/132a17f55f0048a2f2df748c9f5ce4e4.jpg
algorithms-to-live-by:-the-computer-science-of-human-decisions,Algorithms to Live By: The Computer Science of Human Decisions,,,Â£30.81,https://books.toscrape.com/media/cache/28/ea/28ea530a8b7955e422df64beaed7871a.jpg
the-omnivore's-dilemma:-a-natural-history-of-four-meals,The Omnivore's Dilemma: A Natural History of Four Meals,,,Â£38.21,https://books.toscrape.com/media/cache/3d/9d/3d9d46815a4be5e5e6f5e641d8268961.jpg
the-genius-of-birds,The Genius of Birds,,,Â£17.24,https://books.toscrape.com/media/cache/2e/52/2e52982210cbc8dffe414cab72b52e38.jpg
the-artist's-way:-a-spiritual-path-to-higher-creativity,The Artist's Way: A Spiritual Path to Higher Creativity,,,Â£38.49,https://books.toscrape.com/media/cache/3b/41/3b414b6d0340a0cbbd05be0942ddaada.jpg
so-you've-been-publicly-shamed,So You've Been Publicly Shamed,,,Â£12.23,https://books.toscrape.com/media/cache/9d/15/9d150a1d5832bb9e3b82bbc1541912d6.jpg
online-marketing-for-busy-authors:-a-step-by-step-guide,Online Marketing for Busy Authors: A Step-By-Step Guide,,,Â£46.35,https://books.toscrape.com/media/cache/49/e1/49e1f207b2149e34390a2c6aa7cfc113.jpg
you-are-a-badass:-how-to-stop-doubting-your-greatness-and-start-living-an-awesome-life,You Are a Badass: How to Stop Doubting Your Greatness and Start Living an Awesome Life,,,Â£12.08,https://books.toscrape.com/media/cache/73/7e/737e4921bc14d72245aad1f21d7a3eef.jpg
how-to-be-miserable:-40-strategies-you-already-use,How to Be Miserable: 40 Strategies You Already Use,,,Â£46.03,https://books.toscrape.com/media/cache/b0/9d/b09d7cb6aa8ae112dd457e588762d293.jpg
how-to-stop-worrying-and-start-living,How to Stop Worrying and Start Living,,,Â£46.49,https://books.toscrape.com/media/cache/64/0c/640cfc86cd3943cef402dc6082497eec.jpg
"overload:-how-to-unplug,-unwind,-and-unleash-yourself-from-the-pressure-of-stress","Overload: How to Unplug, Unwind, and Unleash Yourself from the Pressure of Stress",,,Â£52.15,https://books.toscrape.com/media/cache/7f/6b/7f6bfd0fc24b974b4d7721899e93aa2c.jpg
will-you-won't-you-want-me?,Will You Won't You Want Me?,,,Â£13.86,https://books.toscrape.com/media/cache/b9/ef/b9efe934eaeb1f51ad31a971188d7bc3.jpg
keep-me-posted,Keep Me Posted,,,Â£20.46,https://books.toscrape.com/media/cache/9c/84/9c845ad6a9d4ecf44d53ac0e3b8f54ae.jpg
grey-(fifty-shades-#4),Grey (Fifty Shades #4),,,Â£48.49,https://books.toscrape.com/media/cache/c8/06/c806501c08d2b2cd72f2362a3da6ab80.jpg
shopaholic-ties-the-knot-(shopaholic-#3),Shopaholic Ties the Knot (Shopaholic #3),,,Â£48.39,https://books.toscrape.com/media/cache/d0/f8/d0f8f438caa5e7adc1c727da4f06ca64.jpg
can-you-keep-a-secret?,Can You Keep a Secret?,,,Â£21.94,https://books.toscrape.com/media/cache/e1/24/e124fe015a3ffa6857eb35c39e89cd61.jpg
i-had-a-nice-time-and-other-lies...:-how-to-find-love-&-sh*t-like-that,I Had a Nice Time And Other Lies...: How to find love & sh*t like that,,,Â£57.36,https://books.toscrape.com/media/cache/60/e9/60e9df360fec611b15a1bbb4c28aad22.jpg
some-women,Some Women,,,Â£13.73,https://books.toscrape.com/media/cache/2f/71/2f710e4c53d98e47b73e4d34702a6751.jpg
meternity,Meternity,,,Â£43.58,https://books.toscrape.com/media/cache/e3/33/e33394096291284ed1f80c5b13c4e1f3.jpg
twenties-girl,Twenties Girl,,,Â£42.80,https://books.toscrape.com/media/cache/49/ec/49ec020f1dfa44313313495b809f74f1.jpg
the-undomestic-goddess,The Undomestic Goddess,,,Â£45.75,https://books.toscrape.com/media/cache/e3/e9/e3e95f631eb64252324768ce795b50d7.jpg
the-devil-wears-prada-(the-devil-wears-prada-#1),The Devil Wears Prada (The Devil Wears Prada #1),,,Â£44.29,https://books.toscrape.com/media/cache/21/ac/21acb843702d1448519cc8bf0d5da728.jpg
the-nanny-diaries-(nanny-#1),The Nanny Diaries (Nanny #1),,,Â£52.53,https://books.toscrape.com/media/cache/e3/4e/e34e69942bf1327c602ef9754d02a022.jpg
something-blue-(darcy-&-rachel-#2),Something Blue (Darcy & Rachel #2),,,Â£54.62,https://books.toscrape.com/media/cache/29/26/2926c885f673e84d7fc46240b1f77eb2.jpg
something-borrowed-(darcy-&-rachel-#1),Something Borrowed (Darcy & Rachel #1),,,Â£48.96,https://books.toscrape.com/media/cache/82/ed/82ed95c8c6c3ee6171fe3b55d766a9ec.jpg
the-edge-of-reason-(bridget-jones-#2),The Edge of Reason (Bridget Jones #2),,,Â£19.18,https://books.toscrape.com/media/cache/a1/4f/a14f3bc2743e3956cb10fddaaf62a1f9.jpg
i've-got-your-number,I've Got Your Number,,,Â£19.69,https://books.toscrape.com/media/cache/3d/40/3d407a69fe55223fb4cfec577a9a8ee2.jpg
bridget-jones's-diary-(bridget-jones-#1),Bridget Jones's Diary (Bridget Jones #1),,,Â£29.82,https://books.toscrape.com/media/cache/67/2f/672f2e3753cfc59c5843d23c88784326.jpg
the-golden-condom:-and-other-essays-on-love-lost-and-found,The Golden Condom: And Other Essays on Love Lost and Found,,,Â£39.43,https://books.toscrape.com/media/cache/e8/b4/e8b404939ad2b1cc9d896ba646919b17.jpg
it-didn't-start-with-you:-how-inherited-family-trauma-shapes-who-we-are-and-how-to-end-the-cycle,It Didn't Start with You: How Inherited Family Trauma Shapes Who We Are and How to End the Cycle,,,Â£56.27,https://books.toscrape.com/media/cache/d3/26/d326484793116ccc786957d31e4fe912.jpg
the-lucifer-effect:-understanding-how-good-people-turn-evil,The Lucifer Effect: Understanding How Good People Turn Evil,,,Â£10.40,https://books.toscrape.com/media/cache/4b/2a/4b2a574e8382dcac92d046d30d2c27fc.jpg
8-keys-to-mental-health-through-exercise,8 Keys to Mental Health Through Exercise,,,Â£31.04,https://books.toscrape.com/media/cache/37/5e/375e0267fe12e7aa1f9f7f2bd2711ecb.jpg
an-unquiet-mind:-a-memoir-of-moods-and-madness,An Unquiet Mind: A Memoir of Moods and Madness,,,Â£21.30,https://books.toscrape.com/media/cache/e5/65/e56540f5e29286f3d7a1e3eb1912b61f.jpg
"thinking,-fast-and-slow","Thinking, Fast and Slow",,,Â£21.14,https://books.toscrape.com/media/cache/7d/9b/7d9ba3173dcc0194ec63f9c77d0763cb.jpg
civilization-and-its-discontents,Civilization and Its Discontents,,,Â£59.95,https://books.toscrape.com/media/cache/5c/27/5c2728296f41f2f0fb52142e35f49570.jpg
a-light-in-the-attic,A Light in the Attic,,,Â£51.77,https://books.toscrape.com/media/cache/fe/72/fe72f0532301ec28892ae79a629a293c.jpg
you-can't-bury-them-all:-poems,You can't bury them all: Poems,,,Â£33.63,https://books.toscrape.com/media/cache/b7/44/b7440aa88046b0bf8cba50d59295518e.jpg
poems-that-make-grown-women-cry,Poems That Make Grown Women Cry,,,Â£14.19,https://books.toscrape.com/media/cache/18/ac/18ac3f16b10a5fc47e603d93335e3f24.jpg
slow-states-of-collapse:-poems,Slow States of Collapse: Poems,,,Â£57.31,https://books.toscrape.com/media/cache/db/ac/dbac3faca8a799824f5725d66c0fcce3.jpg
the-black-maria,The Black Maria,,,Â£52.15,https://books.toscrape.com/media/cache/d1/7a/d17a3e313e52e1be5651719e4fba1d16.jpg
olio,Olio,,,Â£23.88,https://books.toscrape.com/media/cache/b1/0e/b10eabab1e1c811a6d47969904fd5755.jpg
untitled-collection:-sabbath-poems-2014,Untitled Collection: Sabbath Poems 2014,,,Â£14.27,https://books.toscrape.com/media/cache/65/6e/656e79dfd4f8b6bf19ffde2c75ceda81.jpg
shakespeare's-sonnets,Shakespeare's Sonnets,,,Â£20.66,https://books.toscrape.com/media/cache/4d/7a/4d7a79a8be80a529b277ed5c4d8ba482.jpg
night-sky-with-exit-wounds,Night Sky with Exit Wounds,,,Â£41.05,https://books.toscrape.com/media/cache/ff/48/ff48b0696fb97b7f7b5c6d15e372cb70.jpg
salt.,salt.,,,Â£46.78,https://books.toscrape.com/media/cache/c9/92/c9924f9637aef6d9fc8e165be62f69ee.jpg
out-of-print:-city-lights-spotlight-no.-14,Out of Print: City Lights Spotlight No. 14,,,Â£53.64,https://books.toscrape.com/media/cache/4c/5a/4c5a559bc2edb79e5d48af4dbc813eb2.jpg
"quarter-life-poetry:-poems-for-the-young,-broke-and-hangry","Quarter Life Poetry: Poems for the Young, Broke and Hangry",,,Â£50.89,https://books.toscrape.com/media/cache/68/92/68922093080c377fa521ba64d8d372e1.jpg
les-fleurs-du-mal,Les Fleurs du Mal,,,Â£29.04,https://books.toscrape.com/media/cache/3d/32/3d324c0b55c221e9b701d4e772b42ad6.jpg
howl-and-other-poems,Howl and Other Poems,,,Â£40.45,https://books.toscrape.com/media/cache/09/8e/098e81fcea9f6b4c15f6d207301c0085.jpg
the-collected-poems-of-w.b.-yeats-(the-collected-works-of-w.b.-yeats-#1),The Collected Poems of W.B. Yeats (The Collected Works of W.B. Yeats #1),,,Â£15.42,https://books.toscrape.com/media/cache/b3/8c/b38cadc69f4a2db0aae2ee2867ab8583.jpg
leave-this-song-behind:-teen-poetry-at-its-best,Leave This Song Behind: Teen Poetry at Its Best,,,Â£51.17,https://books.toscrape.com/media/cache/5e/ca/5eca840ed2d6f0f0d2f795922cb76741.jpg
the-crossover,The Crossover,,,Â£38.77,https://books.toscrape.com/media/cache/25/fe/25fe373b974387a66ff1dea80f023ccb.jpg
booked,Booked,,,Â£17.49,https://books.toscrape.com/media/cache/cf/3b/cf3b0341f5f4f4ad2c1439c11d32a9b1.jpg
twenty-love-poems-and-a-song-of-despair,Twenty Love Poems and a Song of Despair,,,Â£30.95,https://books.toscrape.com/media/cache/ec/10/ec10f11ff0ea13c17a42d81b03896235.jpg
benjamin-franklin:-an-american-life,Benjamin Franklin: An American Life,,,Â£48.19,https://books.toscrape.com/media/cache/c2/7e/c27efce6a2321c10b0d34035308ace37.jpg
louisa:-the-extraordinary-life-of-mrs.-adams,Louisa: The Extraordinary Life of Mrs. Adams,,,Â£16.85,https://books.toscrape.com/media/cache/ec/2a/ec2a7df6fdafc7e6f97b6c6da7980584.jpg
the-faith-of-christopher-hitchens:-the-restless-soul-of-the-world's-most-notorious-atheist,The Faith of Christopher Hitchens: The Restless Soul of the World's Most Notorious Atheist,,,Â£39.55,https://books.toscrape.com/media/cache/d7/cb/d7cbdb36b54398ba3876488726befc3d.jpg
"setting-the-world-on-fire:-the-brief,-astonishing-life-of-st.-catherine-of-siena","Setting the World on Fire: The Brief, Astonishing Life of St. Catherine of Siena",,,Â£21.15,https://books.toscrape.com/media/cache/86/54/86546f67cb4a3112b15b03a4ec2e7255.jpg
the-rise-of-theodore-roosevelt-(theodore-roosevelt-#1),The Rise of Theodore Roosevelt (Theodore Roosevelt #1),,,Â£42.57,https://books.toscrape.com/media/cache/4c/09/4c090b85892f532210e44d84b752b64d.jpg
the-girl-you-left-behind-(the-girl-you-left-behind-#1),The Girl You Left Behind (The Girl You Left Behind #1),,,Â£15.79,https://books.toscrape.com/media/cache/6d/72/6d72120f94d38e356612c8a78e82a53d.jpg
all-the-light-we-cannot-see,All the Light We Cannot See,,,Â£29.87,https://books.toscrape.com/media/cache/a6/96/a696c1d6bb1ff8f65f51a116160b2aef.jpg
silence-in-the-dark-(logan-point-#4),Silence in the Dark (Logan Point #4),,,Â£58.33,https://books.toscrape.com/media/cache/00/bf/00bf1ae17dde21c66e346dd9c393d6fa.jpg
the-hound-of-the-baskervilles-(sherlock-holmes-#5),The Hound of the Baskervilles (Sherlock Holmes #5),,,Â£14.82,https://books.toscrape.com/media/cache/9d/fe/9dfe2a73c6a1a1c09927c904de641ebf.jpg
little-women-(little-women-#1),Little Women (Little Women #1),,,Â£28.07,https://books.toscrape.com/media/cache/55/a9/55a942b0c092c40bdbb6a1f1be340984.jpg
the-secret-garden,The Secret Garden,,,Â£15.08,https://books.toscrape.com/media/cache/f1/78/f17805e88aed31aae352ab250b2a379d.jpg
animal-farm,Animal Farm,,,Â£57.22,https://books.toscrape.com/media/cache/73/b9/73b9d68a89e6d037f1afdc70f96bad09.jpg
gone-with-the-wind,Gone with the Wind,,,Â£32.49,https://books.toscrape.com/media/cache/ac/ee/acee20cff19be38cc3efc5e9b50afae4.jpg
candide,Candide,,,Â£58.63,https://books.toscrape.com/media/cache/e7/7d/e77d917c495e649216225bd47e006482.jpg
the-metamorphosis,The Metamorphosis,,,Â£28.58,https://books.toscrape.com/media/cache/9b/33/9b33c3c40c8d27054a3edf96cbf6a2fb.jpg
the-pilgrim's-progress,The Pilgrim's Progress,,,Â£50.26,https://books.toscrape.com/media/cache/91/2a/912acfe6ee354d9d9bf3c1fa517c4252.jpg
wuthering-heights,Wuthering Heights,,,Â£17.73,https://books.toscrape.com/media/cache/d8/64/d8644073d00c000cb60643256080cc4b.jpg
the-picture-of-dorian-gray,The Picture of Dorian Gray,,,Â£29.70,https://books.toscrape.com/media/cache/67/29/67297ff3ae6cb02884c52e5250fe7c1a.jpg
beowulf,Beowulf,,,Â£38.35,https://books.toscrape.com/media/cache/3d/8c/3d8cd7a42d3e57cb10e02f9ab76bd549.jpg
the-complete-stories-and-poems-(the-works-of-edgar-allan-poe-[cameo-edition]),The Complete Stories and Poems (The Works of Edgar Allan Poe [Cameo Edition]),,,Â£26.78,https://books.toscrape.com/media/cache/55/2d/552d55d44dcc0f27e98b3e7dc3959e1a.jpg
the-story-of-hong-gildong,The Story of Hong Gildong,,,Â£43.19,https://books.toscrape.com/media/cache/b5/5b/b55be7e5c18b62cef6ebeae404f7f643.jpg
sense-and-sensibility,Sense and Sensibility,,,Â£37.46,https://books.toscrape.com/media/cache/a8/57/a857deea83c7d4c66e2920e1cf5d8fe0.jpg
the-little-prince,The Little Prince,,,Â£45.42,https://books.toscrape.com/media/cache/c0/d6/c0d67625e62981155f5e1f553bda1a94.jpg
and-then-there-were-none,And Then There Were None,,,Â£35.01,https://books.toscrape.com/media/cache/6f/b0/6fb0c3064656f888125ab577b6a01867.jpg
emma,Emma,,,Â£32.93,https://books.toscrape.com/media/cache/ae/98/ae98d08a6f427491dd8eda6b51af41fe.jpg
of-mice-and-men,Of Mice and Men,,,Â£47.11,https://books.toscrape.com/media/cache/a0/bb/a0bb0881c8ee6f5866804cf0a437853f.jpg
alice-in-wonderland-(alice's-adventures-in-wonderland-#1),Alice in Wonderland (Alice's Adventures in Wonderland #1),,,Â£55.53,https://books.toscrape.com/media/cache/99/df/99df494c230127c3d5ff53153d1f23a3.jpg
the-activist's-tao-te-ching:-ancient-advice-for-a-modern-revolution,The Activist's Tao Te Ching: Ancient Advice for a Modern Revolution,,,Â£32.24,https://books.toscrape.com/media/cache/da/0c/da0ca35421a5120b2109028e44a53f56.jpg
if-i-gave-you-god's-phone-number....:-searching-for-spirituality-in-america,If I Gave You God's Phone Number....: Searching for Spirituality in America,,,Â£20.91,https://books.toscrape.com/media/cache/91/1a/911a12f954fc65fc4cc0e8a8f8b30750.jpg
the-four-agreements:-a-practical-guide-to-personal-freedom,The Four Agreements: A Practical Guide to Personal Freedom,,,Â£17.66,https://books.toscrape.com/media/cache/2b/1b/2b1bfecae9d512cb6ee943ccf786216f.jpg
unreasonable-hope:-finding-faith-in-the-god-who-brings-purpose-to-your-pain,Unreasonable Hope: Finding Faith in the God Who Brings Purpose to Your Pain,,,Â£46.33,https://books.toscrape.com/media/cache/80/43/804385d2b49e2f9e26a7d88b8ccaf62d.jpg
a-new-earth:-awakening-to-your-life's-purpose,A New Earth: Awakening to Your Life's Purpose,,,Â£55.65,https://books.toscrape.com/media/cache/13/1b/131bca3895aa2892f400020cd939cd42.jpg
chasing-heaven:-what-dying-taught-me-about-living,Chasing Heaven: What Dying Taught Me About Living,,,Â£37.80,https://books.toscrape.com/media/cache/87/cd/87cd2aa5c4e38244ffcb17b84b0f6efd.jpg
rip-it-up-and-start-again,Rip it Up and Start Again,,,Â£35.02,https://books.toscrape.com/media/cache/81/7f/817f5089c0e6e62738dce2931e7323d3.jpg
"our-band-could-be-your-life:-scenes-from-the-american-indie-underground,-1981-1991","Our Band Could Be Your Life: Scenes from the American Indie Underground, 1981-1991",,,Â£57.25,https://books.toscrape.com/media/cache/ad/96/ad96e9c9f1664cbcb0e9627b007fb6f9.jpg
how-music-works,How Music Works,,,Â£37.32,https://books.toscrape.com/media/cache/1d/40/1d4087ff0a63f09fae9cd8433d21c2c4.jpg
kill-'em-and-leave:-searching-for-james-brown-and-the-american-soul,Kill 'Em and Leave: Searching for James Brown and the American Soul,,,Â£45.05,https://books.toscrape.com/media/cache/d4/8e/d48ee3fe30d6d9b9cc550b76dae5984a.jpg
this-is-your-brain-on-music:-the-science-of-a-human-obsession,This Is Your Brain on Music: The Science of a Human Obsession,,,Â£38.40,https://books.toscrape.com/media/cache/d8/d3/d8d3a16113069ccde25da34483a583fb.jpg
please-kill-me:-the-uncensored-oral-history-of-punk,Please Kill Me: The Uncensored Oral History of Punk,,,Â£31.19,https://books.toscrape.com/media/cache/8e/bb/8ebbba84c204b011527a8f4bd082b03f.jpg
love-is-a-mix-tape-(music-#1),Love Is a Mix Tape (Music #1),,,Â£18.03,https://books.toscrape.com/media/cache/b2/43/b2430e3958014d962042a14a912151ac.jpg
"chronicles,-vol.-1","Chronicles, Vol. 1",,,Â£52.60,https://books.toscrape.com/media/cache/df/bd/dfbd53a5c4bcb1bf676bf2a86335adbb.jpg
"orchestra-of-exiles:-the-story-of-bronislaw-huberman,-the-israel-philharmonic,-and-the-one-thousand-jews-he-saved-from-nazi-horrors","Orchestra of Exiles: The Story of Bronislaw Huberman, the Israel Philharmonic, and the One Thousand Jews He Saved from Nazi Horrors",,,Â£12.36,https://books.toscrape.com/media/cache/b5/94/b59425287ce6b186715fa7b01054c2bf.jpg
no-one-here-gets-out-alive,No One Here Gets Out Alive,,,Â£20.02,https://books.toscrape.com/media/cache/8e/9b/8e9be254974e64a8a3d365a1571e3ec2.jpg
old-records-never-die:-one-man's-quest-for-his-vinyl-and-his-past,Old Records Never Die: One Man's Quest for His Vinyl and His Past,,,Â£55.66,https://books.toscrape.com/media/cache/aa/55/aa55bbf7037a0e19ae69485adcc11903.jpg
forever-rockers-(the-rocker-#12),Forever Rockers (The Rocker #12),,,Â£28.80,https://books.toscrape.com/media/cache/a2/fc/a2fc91793502f5c10b5826ad606de435.jpg
life,Life,,,Â£31.58,https://books.toscrape.com/media/cache/9b/61/9b6155b8013ed9e05ef8a85b4117165b.jpg
like-never-before-(walker-family-#2),Like Never Before (Walker Family #2),,,Â£28.77,https://books.toscrape.com/media/cache/1b/38/1b3825668326e82038ba33bca646e0f3.jpg
shadows-of-the-past-(logan-point-#1),Shadows of the Past (Logan Point #1),,,Â£39.67,https://books.toscrape.com/media/cache/61/3a/613ac19c2232f1d9adc5943291a5e860.jpg
if-i-run-(if-i-run-#1),If I Run (If I Run #1),,,Â£49.97,https://books.toscrape.com/media/cache/54/17/54179d9af49616b1ef35a0bb23294b14.jpg
close-to-you,Close to You,,,Â£49.46,https://books.toscrape.com/media/cache/94/f4/94f4405dae04559ecdd92e62486623e3.jpg
counted-with-the-stars-(out-from-egypt-#1),Counted With the Stars (Out from Egypt #1),,,Â£17.97,https://books.toscrape.com/media/cache/33/93/339372341b88e027734e97fa1ddb26fc.jpg
redeeming-love,Redeeming Love,,,Â£20.47,https://books.toscrape.com/media/cache/c9/74/c974d74fa0bd1735c6ae172d40b1c077.jpg
a-light-in-the-attic,A Light in the Attic,,,Â£51.77,https://books.toscrape.com/media/cache/fe/72/fe72f0532301ec28892ae79a629a293c.jpg
tipping-the-velvet,Tipping the Velvet,,,Â£53.74,https://books.toscrape.com/media/cache/08/e9/08e94f3731d7d6b760dfbfbc02ca5c62.jpg
the-dirty-little-secrets-of-getting-your-dream-job,The Dirty Little Secrets of Getting Your Dream Job,,,Â£33.34,https://books.toscrape.com/media/cache/e1/1b/e11bea016d0ae1d7e2dd46fb3cb870b7.jpg
soumission,Soumission,,,Â£50.10,https://books.toscrape.com/media/cache/ee/cf/eecfe998905e455df12064dba399c075.jpg
sharp-objects,Sharp Objects,,,Â£47.82,https://books.toscrape.com/media/cache/c0/59/c05972805aa7201171b8fc71a5b00292.jpg
"the-coming-woman:-a-novel-based-on-the-life-of-the-infamous-feminist,-victoria-woodhull","The Coming Woman: A Novel Based on the Life of the Infamous Feminist, Victoria Woodhull",,,Â£17.93,https://books.toscrape.com/media/cache/97/36/9736132a43b8e6e3989932218ef309ed.jpg
sapiens:-a-brief-history-of-humankind,Sapiens: A Brief History of Humankind,,,Â£54.23,https://books.toscrape.com/media/cache/ce/5f/ce5f052c65cc963cf4422be096e915c9.jpg
the-requiem-red,The Requiem Red,,,Â£22.65,https://books.toscrape.com/media/cache/6b/07/6b07b77236b7c80f42bd90bf325e69f6.jpg
the-boys-in-the-boat:-nine-americans-and-their-epic-quest-for-gold-at-the-1936-berlin-olympics,The Boys in the Boat: Nine Americans and Their Epic Quest for Gold at the 1936 Berlin Olympics,,,Â£22.60,https://books.toscrape.com/media/cache/d1/2d/d12d26739b5369a6b5b3024e4d08f907.jpg
the-black-maria,The Black Maria,,,Â£52.15,https://books.toscrape.com/media/cache/d1/7a/d17a3e313e52e1be5651719e4fba1d16.jpg
"starving-hearts-(triangular-trade-trilogy,-#1)","Starving Hearts (Triangular Trade Trilogy, #1)",,,Â£13.99,https://books.toscrape.com/media/cache/a0/7e/a07ed8f1c23f7b4baf7102722680bd30.jpg
shakespeare's-sonnets,Shakespeare's Sonnets,,,Â£20.66,https://books.toscrape.com/media/cache/4d/7a/4d7a79a8be80a529b277ed5c4d8ba482.jpg
set-me-free,Set Me Free,,,Â£17.46,https://books.toscrape.com/media/cache/b8/e9/b8e91bd2fc74c3954118999238abb4b8.jpg
scott-pilgrim's-precious-little-life-(scott-pilgrim-#1),Scott Pilgrim's Precious Little Life (Scott Pilgrim #1),,,Â£52.29,https://books.toscrape.com/media/cache/97/27/97275841c81e66d53bf9313cba06f23e.jpg
rip-it-up-and-start-again,Rip it Up and Start Again,,,Â£35.02,https://books.toscrape.com/media/cache/81/7f/817f5089c0e6e62738dce2931e7323d3.jpg
"our-band-could-be-your-life:-scenes-from-the-american-indie-underground,-1981-1991","Our Band Could Be Your Life: Scenes from the American Indie Underground, 1981-1991",,,Â£57.25,https://books.toscrape.com/media/cache/ad/96/ad96e9c9f1664cbcb0e9627b007fb6f9.jpg
olio,Olio,,,Â£23.88,https://books.toscrape.com/media/cache/b1/0e/b10eabab1e1c811a6d47969904fd5755.jpg
mesaerion:-the-best-science-fiction-stories-1800-1849,Mesaerion: The Best Science Fiction Stories 1800-1849,,,Â£37.59,https://books.toscrape.com/media/cache/e8/1f/e81f850db9b9622c65619c9f15748de7.jpg
libertarianism-for-beginners,Libertarianism for Beginners,,,Â£51.33,https://books.toscrape.com/media/cache/91/a4/91a46253e165d144ef5938f2d456b88f.jpg
it's-only-the-himalayas,It's Only the Himalayas,,,Â£45.17,https://books.toscrape.com/media/cache/6d/41/6d418a73cc7d4ecfd75ca11d854041db.jpg
the-loney,The Loney,,,Â£23.40,https://books.toscrape.com/media/cache/84/cc/84cc7f93a8c6c766a6297a23227e68e8.jpg
follow-you-home,Follow You Home,,,Â£21.36,https://books.toscrape.com/media/cache/bb/c0/bbc0bdad3ad7f390017ea66bb7019579.jpg
red-dragon-(hannibal-lecter-#1),Red Dragon (Hannibal Lecter #1),,,Â£23.37,https://books.toscrape.com/media/cache/4a/ce/4acec5ebebf374e7a84a5d8c74ee5752.jpg
security,Security,,,Â£39.25,https://books.toscrape.com/media/cache/79/2b/792bdeb2cf7d8efaef0e401e5a27b4da.jpg
psycho:-sanitarium-(psycho-#1.5),Psycho: Sanitarium (Psycho #1.5),,,Â£36.97,https://books.toscrape.com/media/cache/91/98/9198cedbd37561f2aa343d3eb04ee703.jpg
doctor-sleep-(the-shining-#2),Doctor Sleep (The Shining #2),,,Â£40.12,https://books.toscrape.com/media/cache/30/05/30053f9d8549febc67059c52fca65744.jpg
can-you-keep-a-secret?-(fear-street-relaunch-#4),Can You Keep a Secret? (Fear Street Relaunch #4),,,Â£48.64,https://books.toscrape.com/media/cache/03/83/0383a7f9cce4ab8fa1c5db6e69b169c6.jpg
pet-sematary,Pet Sematary,,,Â£10.56,https://books.toscrape.com/media/cache/99/ef/99ef2f3987ee016bdd120a4579ef98f5.jpg
night-shift-(night-shift-#1-20),Night Shift (Night Shift #1-20),,,Â£12.75,https://books.toscrape.com/media/cache/b8/84/b8843e0c3fbadb1682b095c99eda7f7a.jpg
dracula-the-un-dead,Dracula the Un-Dead,,,Â£35.63,https://books.toscrape.com/media/cache/b1/f2/b1f25fa4623b3ee2db6fb6d6e27c6fb5.jpg
needful-things,Needful Things,,,Â£47.51,https://books.toscrape.com/media/cache/d2/d8/d2d818d6654086560072fe1d42189636.jpg
misery,Misery,,,Â£34.79,https://books.toscrape.com/media/cache/cc/fb/ccfb8bb0f63377a67fb0a39d513f6cab.jpg
'salem's-lot,'Salem's Lot,,,Â£49.56,https://books.toscrape.com/media/cache/d3/55/d35568710e773adf06a0bc756a99f66d.jpg
it,It,,,Â£25.01,https://books.toscrape.com/media/cache/f9/40/f9409b5717cc44f29aa444d85ad26bdc.jpg
the-stand,The Stand,,,Â£57.86,https://books.toscrape.com/media/cache/f9/8b/f98bdf42af5e223bc0f6ea6bd0a48a53.jpg
the-girl-with-all-the-gifts,The Girl with All the Gifts,,,Â£49.47,https://books.toscrape.com/media/cache/9a/91/9a911066cb404976bcc25dbc8817432a.jpg
house-of-leaves,House of Leaves,,,Â£54.89,https://books.toscrape.com/media/cache/20/c2/20c2ff61355569b4f84e2f847e37db25.jpg
"william-shakespeare's-star-wars:-verily,-a-new-hope-(william-shakespeare's-star-wars-#4)","William Shakespeare's Star Wars: Verily, A New Hope (William Shakespeare's Star Wars #4)",,,Â£43.30,https://books.toscrape.com/media/cache/02/7a/027a1f131d94c38f9e785f5d85a109c7.jpg
foundation-(foundation-(publication-order)-#1),Foundation (Foundation (Publication Order) #1),,,Â£32.42,https://books.toscrape.com/media/cache/da/a0/daa08c54a927c27494ea5bb90af79c60.jpg
join,Join,,,Â£35.67,https://books.toscrape.com/media/cache/df/64/df642e483f7ae23de6888c73f05e2014.jpg
arena,Arena,,,Â£21.36,https://books.toscrape.com/media/cache/01/c5/01c50c5f341b8f1d030e9dffba5e5498.jpg
mesaerion:-the-best-science-fiction-stories-1800-1849,Mesaerion: The Best Science Fiction Stories 1800-1849,,,Â£37.59,https://books.toscrape.com/media/cache/e8/1f/e81f850db9b9622c65619c9f15748de7.jpg
soft-apocalypse,Soft Apocalypse,,,Â£26.12,https://books.toscrape.com/media/cache/61/ca/61ca5ab6bc514b9527af9f805fa03c31.jpg
sleeping-giants-(themis-files-#1),Sleeping Giants (Themis Files #1),,,Â£48.74,https://books.toscrape.com/media/cache/ac/a5/aca5de2e61ca2754de496a75dea25f91.jpg
the-project,The Project,,,Â£10.65,https://books.toscrape.com/media/cache/4c/57/4c57c192057269132623f9c6b3f69559.jpg
the-restaurant-at-the-end-of-the-universe-(hitchhiker's-guide-to-the-galaxy-#2),The Restaurant at the End of the Universe (Hitchhiker's Guide to the Galaxy #2),,,Â£10.92,https://books.toscrape.com/media/cache/aa/8f/aa8fc991d84aca12ed94a0a2fa1099e5.jpg
"life,-the-universe-and-everything-(hitchhiker's-guide-to-the-galaxy-#3)","Life, the Universe and Everything (Hitchhiker's Guide to the Galaxy #3)",,,Â£33.26,https://books.toscrape.com/media/cache/54/ca/54cac05a3026d35e713133a1fe49f6c8.jpg
ready-player-one,Ready Player One,,,Â£19.07,https://books.toscrape.com/media/cache/b9/af/b9afd75c09ff7bf82c9a158a34cb993d.jpg
dune-(dune-#1),Dune (Dune #1),,,Â£54.86,https://books.toscrape.com/media/cache/63/a9/63a9a4e0c8e3c6ee2075a766b873cd31.jpg
having-the-barbarian's-baby-(ice-planet-barbarians-#7.5),Having the Barbarian's Baby (Ice Planet Barbarians #7.5),,,Â£34.96,https://books.toscrape.com/media/cache/13/8a/138a09170e0431cce98921b857a6eeb5.jpg
do-androids-dream-of-electric-sheep?-(blade-runner-#1),Do Androids Dream of Electric Sheep? (Blade Runner #1),,,Â£51.48,https://books.toscrape.com/media/cache/c7/a3/c7a3d04df9cbc857b149cd76d32e3030.jpg
the-last-girl-(the-dominion-trilogy-#1),The Last Girl (The Dominion Trilogy #1),,,Â£36.26,https://books.toscrape.com/media/cache/2a/88/2a88181c495875c02f87c2e6010b046d.jpg
three-wishes-(river-of-time:-california-#1),Three Wishes (River of Time: California #1),,,Â£44.18,https://books.toscrape.com/media/cache/48/e6/48e697e9c8bba8ca04a3064551cda630.jpg
"mama-tried:-traditional-italian-cooking-for-the-screwed,-crude,-vegan,-and-tattooed","Mama Tried: Traditional Italian Cooking for the Screwed, Crude, Vegan, and Tattooed",,,Â£14.02,https://books.toscrape.com/media/cache/48/19/48192cbef9101060e3787d87d7c8d7d1.jpg
"the-pioneer-woman-cooks:-dinnertime:-comfort-classics,-freezer-food,-16-minute-meals,-and-other-delicious-ways-to-solve-supper!","The Pioneer Woman Cooks: Dinnertime: Comfort Classics, Freezer Food, 16-Minute Meals, and Other Delicious Ways to Solve Supper!",,,Â£56.41,https://books.toscrape.com/media/cache/fd/af/fdaf3c3104c559941c01e840fecd2659.jpg
"layered:-baking,-building,-and-styling-spectacular-cakes","Layered: Baking, Building, and Styling Spectacular Cakes",,,Â£40.11,https://books.toscrape.com/media/cache/73/06/7306b860c7887dfb2a4b0083e2d6bf0d.jpg
"foolproof-preserving:-a-guide-to-small-batch-jams,-jellies,-pickles,-condiments,-and-more:-a-foolproof-guide-to-making-small-batch-jams,-jellies,-pickles,-condiments,-and-more","Foolproof Preserving: A Guide to Small Batch Jams, Jellies, Pickles, Condiments, and More: A Foolproof Guide to Making Small Batch Jams, Jellies, Pickles, Condiments, and More",,,Â£30.52,https://books.toscrape.com/media/cache/9f/58/9f58d3ff6d58589eaf325b1a33c303a0.jpg
the-love-and-lemons-cookbook:-an-apple-to-zucchini-celebration-of-impromptu-cooking,The Love and Lemons Cookbook: An Apple-to-Zucchini Celebration of Impromptu Cooking,,,Â£37.60,https://books.toscrape.com/media/cache/88/e7/88e70e44632c3ca306191007bc723806.jpg
the-nerdy-nummies-cookbook:-sweet-treats-for-the-geek-in-all-of-us,The Nerdy Nummies Cookbook: Sweet Treats for the Geek in All of Us,,,Â£37.34,https://books.toscrape.com/media/cache/41/57/4157492623f9552e3efdc858a19968f3.jpg
the-cookies-&-cups-cookbook:-125+-sweet-&-savory-recipes-reminding-you-to-always-eat-dessert-first,The Cookies & Cups Cookbook: 125+ sweet & savory recipes reminding you to Always Eat Dessert First,,,Â£41.25,https://books.toscrape.com/media/cache/81/37/81374b88e925ba998c4049abcf805196.jpg
my-paris-kitchen:-recipes-and-stories,My Paris Kitchen: Recipes and Stories,,,Â£33.37,https://books.toscrape.com/media/cache/ae/d5/aed548aefcac7803a599b05da3acb86e.jpg
"deliciously-ella-every-day:-quick-and-easy-recipes-for-gluten-free-snacks,-packed-lunches,-and-simple-meals","Deliciously Ella Every Day: Quick and Easy Recipes for Gluten-Free Snacks, Packed Lunches, and Simple Meals",,,Â£42.16,https://books.toscrape.com/media/cache/38/c3/38c342d52a30a8eb38b34668e9777222.jpg
the-help-yourself-cookbook-for-kids:-60-easy-plant-based-recipes-kids-can-make-to-stay-healthy-and-save-the-earth,The Help Yourself Cookbook for Kids: 60 Easy Plant-Based Recipes Kids Can Make to Stay Healthy and Save the Earth,,,Â£28.77,https://books.toscrape.com/media/cache/bc/eb/bceb609c54f7739682b319a27a5b9783.jpg
barefoot-contessa-back-to-basics,Barefoot Contessa Back to Basics,,,Â£28.01,https://books.toscrape.com/media/cache/29/b1/29b1f537504f37527f1bf8182559684e.jpg
"it's-all-easy:-healthy,-delicious-weeknight-meals-in-under-30-minutes","It's All Easy: Healthy, Delicious Weeknight Meals in under 30 Minutes",,,Â£19.55,https://books.toscrape.com/media/cache/38/08/380869ceca4ab70f8620b02187bdf60a.jpg
my-kitchen-year:-136-recipes-that-saved-my-life,My Kitchen Year: 136 Recipes That Saved My Life,,,Â£11.53,https://books.toscrape.com/media/cache/70/48/7048787b6fdc04627217bf39465acb7e.jpg
everyday-italian:-125-simple-and-delicious-recipes,Everyday Italian: 125 Simple and Delicious Recipes,,,Â£20.10,https://books.toscrape.com/media/cache/4e/eb/4eebc29c9f3885800e6ae2c62c836145.jpg
barefoot-contessa-at-home:-everyday-recipes-you'll-make-over-and-over-again,Barefoot Contessa at Home: Everyday Recipes You'll Make Over and Over Again,,,Â£50.62,https://books.toscrape.com/media/cache/4e/92/4e92fef6b2d96fb732480c484dcb1a98.jpg
"a-la-mode:-120-recipes-in-60-pairings:-pies,-tarts,-cakes,-crisps,-and-more-topped-with-ice-cream,-gelato,-frozen-custard,-and-more","A la Mode: 120 Recipes in 60 Pairings: Pies, Tarts, Cakes, Crisps, and More Topped with Ice Cream, Gelato, Frozen Custard, and More",,,Â£38.77,https://books.toscrape.com/media/cache/f4/9c/f49c0d70aedc01b5eb0988d35c77550c.jpg
"the-moosewood-cookbook:-recipes-from-moosewood-restaurant,-ithaca,-new-york","The Moosewood Cookbook: Recipes from Moosewood Restaurant, Ithaca, New York",,,Â£12.34,https://books.toscrape.com/media/cache/c1/87/c187a9eb27d932f862ac06beec15c24c.jpg
cravings:-recipes-for-what-you-want-to-eat,Cravings: Recipes for What You Want to Eat,,,Â£20.50,https://books.toscrape.com/media/cache/7d/b4/7db4a7faaa0ea5134cabbb517bdd6cc7.jpg
32-yolks,32 Yolks,,,Â£53.63,https://books.toscrape.com/media/cache/76/03/76038c9e795babed29d370097247c9a6.jpg
"naturally-lean:-125-nourishing-gluten-free,-plant-based-recipes--all-under-300-calories","Naturally Lean: 125 Nourishing Gluten-Free, Plant-Based Recipes--All Under 300 Calories",,,Â£11.38,https://books.toscrape.com/media/cache/5b/46/5b466903acc905deb89019c0407848c4.jpg
we-are-all-completely-beside-ourselves,We Are All Completely Beside Ourselves,,,Â£24.04,https://books.toscrape.com/media/cache/8d/95/8d95f4fd1ea785555a28d6371444ce6d.jpg
when-we-collided,When We Collided,,,Â£31.77,https://books.toscrape.com/media/cache/17/db/17db3de71e8217d4277a9328b04f56cf.jpg
someone-like-you-(the-harrisons-#2),Someone Like You (The Harrisons #2),,,Â£52.79,https://books.toscrape.com/media/cache/03/67/03672d82cd257167775d88568d2cce38.jpg
suzie-snowflake:-one-beautiful-flake-(a-self-esteem-story),Suzie Snowflake: One beautiful flake (a self-esteem story),,,Â£54.81,https://books.toscrape.com/media/cache/59/13/5913f74507084d0cd47e2b73fd806f9e.jpg
the-marriage-of-opposites,The Marriage of Opposites,,,Â£28.08,https://books.toscrape.com/media/cache/33/8e/338e196723f3fb10d5c6990fe54be61d.jpg
a-flight-of-arrows-(the-pathfinders-#2),A Flight of Arrows (The Pathfinders #2),,,Â£55.53,https://books.toscrape.com/media/cache/ec/65/ec651ed66822d4b68938afa645b1ece2.jpg
mrs.-houdini,Mrs. Houdini,,,Â£30.25,https://books.toscrape.com/media/cache/b4/45/b445dbc81ca3aff1321a6bf0d0fa231d.jpg
tipping-the-velvet,Tipping the Velvet,,,Â£53.74,https://books.toscrape.com/media/cache/08/e9/08e94f3731d7d6b760dfbfbc02ca5c62.jpg
glory-over-everything:-beyond-the-kitchen-house,Glory over Everything: Beyond The Kitchen House,,,Â£45.84,https://books.toscrape.com/media/cache/06/ac/06ac98df817412ce2419c4509fa98c80.jpg
"love,-lies-and-spies","Love, Lies and Spies",,,Â£20.55,https://books.toscrape.com/media/cache/5c/19/5c19785278eaa6bf984ce6659847abc3.jpg
forever-and-forever:-the-courtship-of-henry-longfellow-and-fanny-appleton,Forever and Forever: The Courtship of Henry Longfellow and Fanny Appleton,,,Â£29.69,https://books.toscrape.com/media/cache/f9/9e/f99e760b894d10c6e5ed578618918367.jpg
the-house-by-the-lake,The House by the Lake,,,Â£36.95,https://books.toscrape.com/media/cache/46/a2/46a2c968bfccf1979cc5576085eec6dd.jpg
a-paris-apartment,A Paris Apartment,,,Â£39.01,https://books.toscrape.com/media/cache/b3/d9/b3d90aca157d5a250becc8b255a37251.jpg
lilac-girls,Lilac Girls,,,Â£17.28,https://books.toscrape.com/media/cache/c0/80/c080a1626edf581b780420db13e7b074.jpg
the-invention-of-wings,The Invention of Wings,,,Â£37.34,https://books.toscrape.com/media/cache/7a/b0/7ab00e6956f540bfe0018656d5bfe1e4.jpg
the-constant-princess-(the-tudor-court-#1),The Constant Princess (The Tudor Court #1),,,Â£16.62,https://books.toscrape.com/media/cache/ed/52/ed52651826bb23d853aead2753c9befc.jpg
the-passion-of-dolssa,The Passion of Dolssa,,,Â£28.32,https://books.toscrape.com/media/cache/b3/59/b35975c0df26c40964028a8ccabc9a91.jpg
voyager-(outlander-#3),Voyager (Outlander #3),,,Â£21.07,https://books.toscrape.com/media/cache/6e/22/6e22497cbecedef59be86d1328e4b044.jpg
world-without-end-(the-pillars-of-the-earth-#2),World Without End (The Pillars of the Earth #2),,,Â£32.97,https://books.toscrape.com/media/cache/58/b5/58b5730dd82cbcf6560cf0ab8b56cd9f.jpg
girl-with-a-pearl-earring,Girl With a Pearl Earring,,,Â£26.77,https://books.toscrape.com/media/cache/b1/5e/b15ec9da5c7b28e2d11347dd2e8c20e5.jpg
the-red-tent,The Red Tent,,,Â£35.66,https://books.toscrape.com/media/cache/15/59/155942710c3ae4bd4ed622df9a999b99.jpg
the-last-painting-of-sara-de-vos,The Last Painting of Sara de Vos,,,Â£55.55,https://books.toscrape.com/media/cache/1c/e4/1ce4c2573d65ebdc3c85d9a6592d57b1.jpg
the-guernsey-literary-and-potato-peel-pie-society,The Guernsey Literary and Potato Peel Pie Society,,,Â£49.53,https://books.toscrape.com/media/cache/98/e3/98e3925e5e6a66acf2cde918fc147205.jpg
girl-in-the-blue-coat,Girl in the Blue Coat,,,Â£46.83,https://books.toscrape.com/media/cache/15/ea/15eaabd188af8916c4a37d135f7b8952.jpg
"eat-fat,-get-thin","Eat Fat, Get Thin",,,Â£54.07,https://books.toscrape.com/media/cache/a7/6b/a76b04d5de0b2f8f038c9ac27f4d2a42.jpg
"the-bulletproof-diet:-lose-up-to-a-pound-a-day,-reclaim-energy-and-focus,-upgrade-your-life","The Bulletproof Diet: Lose up to a Pound a Day, Reclaim Energy and Focus, Upgrade Your Life",,,Â£49.05,https://books.toscrape.com/media/cache/9c/c6/9cc673854af8fd155953384b3cac334e.jpg
10-day-green-smoothie-cleanse:-lose-up-to-15-pounds-in-10-days!,10-Day Green Smoothie Cleanse: Lose Up to 15 Pounds in 10 Days!,,,Â£49.71,https://books.toscrape.com/media/cache/79/84/7984ef7c568a60372f430c1ddae64034.jpg
the-art-and-science-of-low-carbohydrate-living,The Art and Science of Low Carbohydrate Living,,,Â£52.98,https://books.toscrape.com/media/cache/82/f3/82f3b865f19faad855ec359f86415f79.jpg
amid-the-chaos,Amid the Chaos,,,Â£36.58,https://books.toscrape.com/media/cache/8a/94/8a94b2ba501119af0d3520b94daf8c20.jpg
chase-me-(paris-nights-#2),Chase Me (Paris Nights #2),,,Â£25.27,https://books.toscrape.com/media/cache/6c/84/6c84fcf7a53b02b6e763de7272934842.jpg
something-more-than-this,Something More Than This,,,Â£16.24,https://books.toscrape.com/media/cache/b8/f9/b8f9e0169c3811f9ed145c3824208de6.jpg
first-and-first-(five-boroughs-#3),First and First (Five Boroughs #3),,,Â£15.97,https://books.toscrape.com/media/cache/01/a5/01a5285b17e7ec0e7e56294a8f8af28d.jpg
the-wedding-dress,The Wedding Dress,,,Â£24.12,https://books.toscrape.com/media/cache/29/3b/293bd9cd6fe1f8c82d1688aefe6cc5f7.jpg
her-backup-boyfriend-(the-sorensen-family-#1),Her Backup Boyfriend (The Sorensen Family #1),,,Â£33.97,https://books.toscrape.com/media/cache/41/ee/41ee38c1d15f0139a3fb17b730dc4347.jpg
black-dust,Black Dust,,,Â£34.53,https://books.toscrape.com/media/cache/a4/0a/a40af95beab828af1a4757ad1ee17da3.jpg
fifty-shades-darker-(fifty-shades-#2),Fifty Shades Darker (Fifty Shades #2),,,Â£21.96,https://books.toscrape.com/media/cache/51/86/51862681bebec59be61f36f937c71fce.jpg
suddenly-in-love-(lake-haven-#1),Suddenly in Love (Lake Haven #1),,,Â£55.99,https://books.toscrape.com/media/cache/58/bb/58bb81b052b6ad90adcd57e95da99a50.jpg
doing-it-over-(most-likely-to-#1),Doing It Over (Most Likely To #1),,,Â£35.61,https://books.toscrape.com/media/cache/4b/91/4b91460323973e9e140626d00474d74c.jpg
the-wedding-pact-(the-o'malleys-#2),The Wedding Pact (The O'Malleys #2),,,Â£32.61,https://books.toscrape.com/media/cache/21/53/21539e305aa09ec40b36daa43db3f2fe.jpg
hold-your-breath-(search-and-rescue-#1),Hold Your Breath (Search and Rescue #1),,,Â£28.82,https://books.toscrape.com/media/cache/3d/4d/3d4d8e92429144f6c807adc4b15b7f80.jpg
dirty-(dive-bar-#1),Dirty (Dive Bar #1),,,Â£40.83,https://books.toscrape.com/media/cache/77/54/77540d564fb77611a18b57f12a910b73.jpg
take-me-home-tonight-(rock-star-romance-#3),Take Me Home Tonight (Rock Star Romance #3),,,Â£53.98,https://books.toscrape.com/media/cache/33/72/337240d247fdf020755566e4477e17ca.jpg
a-gentleman's-position-(society-of-gentlemen-#3),A Gentleman's Position (Society of Gentlemen #3),,,Â£14.75,https://books.toscrape.com/media/cache/82/aa/82aa7770711dfc5edc1f5f69a731d08b.jpg
off-the-hook-(fishing-for-trouble-#1),Off the Hook (Fishing for Trouble #1),,,Â£47.67,https://books.toscrape.com/media/cache/bc/21/bc214639946c501cd70ff6b752439c76.jpg
"sit,-stay,-love","Sit, Stay, Love",,,Â£20.90,https://books.toscrape.com/media/cache/48/2c/482c14200688df579ab2ed0fcbddcb86.jpg
a-girl's-guide-to-moving-on-(new-beginnings-#2),A Girl's Guide to Moving On (New Beginnings #2),,,Â£31.30,https://books.toscrape.com/media/cache/17/94/17940ad8d367ea5f28db57e7fc32dac9.jpg
the-perfect-play-(play-by-play-#1),The Perfect Play (Play by Play #1),,,Â£59.99,https://books.toscrape.com/media/cache/b0/be/b0be8b72b97ba3185f7d55235d0be76f.jpg
changing-the-game-(play-by-play-#2),Changing the Game (Play by Play #2),,,Â£13.38,https://books.toscrape.com/media/cache/7a/6a/7a6a89af2f591d86df6f7c65649463db.jpg
dark-lover-(black-dagger-brotherhood-#1),Dark Lover (Black Dagger Brotherhood #1),,,Â£12.87,https://books.toscrape.com/media/cache/d8/bd/d8bdea8d4e7db9af8e0cb1b36db448d2.jpg
equal-is-unfair:-america's-misguided-fight-against-income-inequality,Equal Is Unfair: America's Misguided Fight Against Income Inequality,,,Â£56.86,https://books.toscrape.com/media/cache/a6/3b/a63b2576d798c2041c602561499a26aa.jpg
libertarianism-for-beginners,Libertarianism for Beginners,,,Â£51.33,https://books.toscrape.com/media/cache/91/a4/91a46253e165d144ef5938f2d456b88f.jpg
why-the-right-went-wrong:-conservatism--from-goldwater-to-the-tea-party-and-beyond,Why the Right Went Wrong: Conservatism--From Goldwater to the Tea Party and Beyond,,,Â£52.65,https://books.toscrape.com/media/cache/cd/64/cd64ccda3382d62fea8167eaadd6c9a0.jpg
a-murder-in-time,A Murder in Time,,,Â£16.64,https://books.toscrape.com/media/cache/cc/bd/ccbd7a62caefd5a3a2e04dd7c2ff48fe.jpg
the-murder-of-roger-ackroyd-(hercule-poirot-#4),The Murder of Roger Ackroyd (Hercule Poirot #4),,,Â£44.10,https://books.toscrape.com/media/cache/86/38/8638ba095b3b32e0abdef170e7bc4fd6.jpg
that-darkness-(gardiner-and-renner-#1),That Darkness (Gardiner and Renner #1),,,Â£13.92,https://books.toscrape.com/media/cache/23/b8/23b81994234ac127d701db1531a08e48.jpg
sharp-objects,Sharp Objects,,,Â£47.82,https://books.toscrape.com/media/cache/c0/59/c05972805aa7201171b8fc71a5b00292.jpg
the-last-mile-(amos-decker-#2),The Last Mile (Amos Decker #2),,,Â£54.21,https://books.toscrape.com/media/cache/e6/dc/e6dcc8f75214eb14edc1ce09c98f3d71.jpg
the-past-never-ends,The Past Never Ends,,,Â£56.50,https://books.toscrape.com/media/cache/9d/f2/9df248dcefeaba9eeb519a59b248f72c.jpg
"in-a-dark,-dark-wood","In a Dark, Dark Wood",,,Â£19.63,https://books.toscrape.com/media/cache/95/84/95840dfd67c020067c99d70451147e20.jpg
tastes-like-fear-(di-marnie-rome-#3),Tastes Like Fear (DI Marnie Rome #3),,,Â£10.69,https://books.toscrape.com/media/cache/74/9b/749bca168778cf35fdb2441a9d6b403f.jpg
a-time-of-torment-(charlie-parker-#14),A Time of Torment (Charlie Parker #14),,,Â£48.35,https://books.toscrape.com/media/cache/f1/37/f137a410ed7d6fcfce17d081caf97915.jpg
poisonous-(max-revere-novels-#3),Poisonous (Max Revere Novels #3),,,Â£26.80,https://books.toscrape.com/media/cache/8d/52/8d52227d29e03695ef755620078b7815.jpg
a-study-in-scarlet-(sherlock-holmes-#1),A Study in Scarlet (Sherlock Holmes #1),,,Â£16.73,https://books.toscrape.com/media/cache/27/40/274003f2720f82844873945b87af6c19.jpg
murder-at-the-42nd-street-library-(raymond-ambler-#1),Murder at the 42nd Street Library (Raymond Ambler #1),,,Â£54.36,https://books.toscrape.com/media/cache/19/74/19748437aac103dbdeb1918062728726.jpg
most-wanted,Most Wanted,,,Â£35.28,https://books.toscrape.com/media/cache/fa/b5/fab5e650b19b76c5f5d1ce3a626376b1.jpg
hide-away-(eve-duncan-#20),Hide Away (Eve Duncan #20),,,Â£11.84,https://books.toscrape.com/media/cache/b2/c5/b2c501b848bccd9cc375771f53c0fb6e.jpg
the-widow,The Widow,,,Â£27.26,https://books.toscrape.com/media/cache/e4/37/e43737572b04c7ad28b35f3da29eb8dd.jpg
boar-island-(anna-pigeon-#19),Boar Island (Anna Pigeon #19),,,Â£59.48,https://books.toscrape.com/media/cache/91/8c/918c2c95ae90495cdb0371a22b726d82.jpg
playing-with-fire,Playing with Fire,,,Â£13.71,https://books.toscrape.com/media/cache/09/02/0902666ade8ab8183363e53c108e5069.jpg
what-happened-on-beale-street-(secrets-of-the-south-mysteries-#2),What Happened on Beale Street (Secrets of the South Mysteries #2),,,Â£25.37,https://books.toscrape.com/media/cache/2c/68/2c6857eb1c10995c8b9e77a1804f68cd.jpg
delivering-the-truth-(quaker-midwife-mystery-#1),Delivering the Truth (Quaker Midwife Mystery #1),,,Â£20.89,https://books.toscrape.com/media/cache/5c/8a/5c8acde540a88aed464ab5c52bafcd83.jpg
the-bachelor-girl's-guide-to-murder-(herringford-and-watts-mysteries-#1),The Bachelor Girl's Guide to Murder (Herringford and Watts Mysteries #1),,,Â£52.30,https://books.toscrape.com/media/cache/38/a4/38a44ac4f642f4717d865c81ec594529.jpg
it's-only-the-himalayas,It's Only the Himalayas,,,Â£45.17,https://books.toscrape.com/media/cache/6d/41/6d418a73cc7d4ecfd75ca11d854041db.jpg
under-the-tuscan-sun,Under the Tuscan Sun,,,Â£37.33,https://books.toscrape.com/media/cache/45/21/4521c581ba727f5c835e34860cbf53e5.jpg
vagabonding:-an-uncommon-guide-to-the-art-of-long-term-world-travel,Vagabonding: An Uncommon Guide to the Art of Long-Term World Travel,,,Â£36.94,https://books.toscrape.com/media/cache/ca/30/ca30b1afe1e76ce7ba1db8176d398e53.jpg
a-summer-in-europe,A Summer In Europe,,,Â£44.34,https://books.toscrape.com/media/cache/6c/e3/6ce3003931701c7a3fd5354917538ea9.jpg
full-moon-over-noahâs-ark:-an-odyssey-to-mount-ararat-and-beyond,Full Moon over Noahâs Ark: An Odyssey to Mount Ararat and Beyond,,,Â£49.43,https://books.toscrape.com/media/cache/fe/8a/fe8af6ceec7718986380c0fde9b3b34f.jpg
see-america:-a-celebration-of-our-national-parks-&-treasured-sites,See America: A Celebration of Our National Parks & Treasured Sites,,,Â£48.87,https://books.toscrape.com/media/cache/c7/1a/c71a85dbf8c2dbc75cb271026618477c.jpg
the-great-railway-bazaar,The Great Railway Bazaar,,,Â£30.54,https://books.toscrape.com/media/cache/d5/82/d582f6b0261c2842330e893962276295.jpg
a-year-in-provence-(provence-#1),A Year in Provence (Provence #1),,,Â£56.88,https://books.toscrape.com/media/cache/8b/81/8b81cd9b2c8f89a12099a80bed1c4911.jpg
the-road-to-little-dribbling:-adventures-of-an-american-in-britain-(notes-from-a-small-island-#2),The Road to Little Dribbling: Adventures of an American in Britain (Notes From a Small Island #2),,,Â£23.21,https://books.toscrape.com/media/cache/26/f5/26f5d20239a45046e756c6d09611b3ea.jpg
"1,000-places-to-see-before-you-die","1,000 Places to See Before You Die",,,Â£26.08,https://books.toscrape.com/media/cache/9e/10/9e106f81f65b293e488718a4f54a6a3f.jpg
neither-here-nor-there:-travels-in-europe,Neither Here nor There: Travels in Europe,,,Â£38.95,https://books.toscrape.com/media/cache/c9/9a/c99a7a05537cd842eb4db83d537e3a4d.jpg
"unbound:-how-eight-technologies-made-us-human,-transformed-society,-and-brought-our-world-to-the-brink","Unbound: How Eight Technologies Made Us Human, Transformed Society, and Brought Our World to the Brink",,,Â£25.52,https://books.toscrape.com/media/cache/27/a1/27a1ebe79d6e6759ec68ea9f427a4f71.jpg
sapiens:-a-brief-history-of-humankind,Sapiens: A Brief History of Humankind,,,Â£54.23,https://books.toscrape.com/media/cache/ce/5f/ce5f052c65cc963cf4422be096e915c9.jpg
thomas-jefferson-and-the-tripoli-pirates:-the-forgotten-war-that-changed-american-history,Thomas Jefferson and the Tripoli Pirates: The Forgotten War That Changed American History,,,Â£59.64,https://books.toscrape.com/media/cache/77/79/777988a85de2269905bd8c2070a3cf58.jpg
"political-suicide:-missteps,-peccadilloes,-bad-calls,-backroom-hijinx,-sordid-pasts,-rotten-breaks,-and-just-plain-dumb-mistakes-in-the-annals-of-american-politics","Political Suicide: Missteps, Peccadilloes, Bad Calls, Backroom Hijinx, Sordid Pasts, Rotten Breaks, and Just Plain Dumb Mistakes in the Annals of American Politics",,,Â£36.28,https://books.toscrape.com/media/cache/31/e6/31e6e0a41e62858180b268c27b20a770.jpg
a-distant-mirror:-the-calamitous-14th-century,A Distant Mirror: The Calamitous 14th Century,,,Â£14.58,https://books.toscrape.com/media/cache/d8/0a/d80ac19cd0aef94c5ac257b1eb3c1d37.jpg
1491:-new-revelations-of-the-americas-before-columbus,1491: New Revelations of the Americas Before Columbus,,,Â£21.80,https://books.toscrape.com/media/cache/2d/d2/2dd235d80326531092c70e191d630c7d.jpg
the-age-of-genius:-the-seventeenth-century-and-the-birth-of-the-modern-mind,The Age of Genius: The Seventeenth Century and the Birth of the Modern Mind,,,Â£19.73,https://books.toscrape.com/media/cache/2e/65/2e654066306042f4c462ba4d048650d9.jpg
zealot:-the-life-and-times-of-jesus-of-nazareth,Zealot: The Life and Times of Jesus of Nazareth,,,Â£24.70,https://books.toscrape.com/media/cache/21/da/21dab5c065cfcde1bad7ded16a753102.jpg
brilliant-beacons:-a-history-of-the-american-lighthouse,Brilliant Beacons: A History of the American Lighthouse,,,Â£11.45,https://books.toscrape.com/media/cache/ba/59/ba5913de7abe0d9dbe9c8128092a52af.jpg
"""most-blessed-of-the-patriarchs"":-thomas-jefferson-and-the-empire-of-the-imagination","""Most Blessed of the Patriarchs"": Thomas Jefferson and the Empire of the Imagination",,,Â£44.48,https://books.toscrape.com/media/cache/43/f2/43f25e9633b587a4052b517cd7b3b4a9.jpg
a-short-history-of-nearly-everything,A Short History of Nearly Everything,,,Â£52.40,https://books.toscrape.com/media/cache/17/aa/17aa3d17bae02fa1d0e2a831c0c0e58b.jpg
the-rise-and-fall-of-the-third-reich:-a-history-of-nazi-germany,The Rise and Fall of the Third Reich: A History of Nazi Germany,,,Â£39.67,https://books.toscrape.com/media/cache/10/f6/10f6ebfa89b070ba39ad7c4c872c96ea.jpg
catherine-the-great:-portrait-of-a-woman,Catherine the Great: Portrait of a Woman,,,Â£58.55,https://books.toscrape.com/media/cache/37/3a/373af6af58a00ca69602d74b81951ac4.jpg
the-hiding-place,The Hiding Place,,,Â£55.91,https://books.toscrape.com/media/cache/74/92/74927818a922712c13999a8043f7f35c.jpg
america's-war-for-the-greater-middle-east:-a-military-history,America's War for the Greater Middle East: A Military History,,,Â£51.22,https://books.toscrape.com/media/cache/da/0c/da0ca0d6586f8164b7a96d4c807a6c7f.jpg
the-mathews-men:-seven-brothers-and-the-war-against-hitler's-u-boats,The Mathews Men: Seven Brothers and the War Against Hitler's U-boats,,,Â£42.91,https://books.toscrape.com/media/cache/52/74/5274c64fbcb7ce4bbf427ed751f6cada.jpg
the-guns-of-august,The Guns of August,,,Â£14.54,https://books.toscrape.com/media/cache/ca/23/ca23598be538026a7898232e8a1079d0.jpg
"house-of-lost-worlds:-dinosaurs,-dynasties,-and-the-story-of-life-on-earth","House of Lost Worlds: Dinosaurs, Dynasties, and the Story of Life on Earth",,,Â£43.70,https://books.toscrape.com/media/cache/f5/b7/f5b783f6cfdfe30895d912f9e337bb22.jpg
fifty-shades-freed-(fifty-shades-#3),Fifty Shades Freed (Fifty Shades #3),,,Â£15.36,https://books.toscrape.com/media/cache/f4/07/f407d3bbf457d35701dfe72ee9ef3b68.jpg
the-most-perfect-thing:-inside-(and-outside)-a-bird's-egg,The Most Perfect Thing: Inside (and Outside) a Bird's Egg,,,Â£42.96,https://books.toscrape.com/media/cache/a3/9e/a39e7c5c9fc61c2ae0f81116aa8cbb0e.jpg
tipping-point-for-planet-earth:-how-close-are-we-to-the-edge?,Tipping Point for Planet Earth: How Close Are We to the Edge?,,,Â£37.55,https://books.toscrape.com/media/cache/8e/cb/8ecbec21e76445ee83229a439e22aeaa.jpg
immunity:-how-elie-metchnikoff-changed-the-course-of-modern-medicine,Immunity: How Elie Metchnikoff Changed the Course of Modern Medicine,,,Â£57.36,https://books.toscrape.com/media/cache/e1/1e/e11e7e9514a123aee2415a1def85e638.jpg
the-grand-design,The Grand Design,,,Â£13.76,https://books.toscrape.com/media/cache/9b/69/9b696c2064d6ee387774b6121bb4be91.jpg
diary-of-a-citizen-scientist:-chasing-tiger-beetles-and-other-new-ways-of-engaging-the-world,Diary of a Citizen Scientist: Chasing Tiger Beetles and Other New Ways of Engaging the World,,,Â£28.41,https://books.toscrape.com/media/cache/29/5c/295ca7f5981786e8b2c6616d10158808.jpg
"the-fabric-of-the-cosmos:-space,-time,-and-the-texture-of-reality","The Fabric of the Cosmos: Space, Time, and the Texture of Reality",,,Â£55.91,https://books.toscrape.com/media/cache/b2/5a/b25a722c3bab8b311454bc251a75334a.jpg
the-origin-of-species,The Origin of Species,,,Â£10.01,https://books.toscrape.com/media/cache/d5/45/d54527d34174d5dd7eaeaaffdfcb3c5c.jpg
sorting-the-beef-from-the-bull:-the-science-of-food-fraud-forensics,Sorting the Beef from the Bull: The Science of Food Fraud Forensics,,,Â£44.74,https://books.toscrape.com/media/cache/5d/a5/5da545b9d44464af8b3d0a9511a050ca.jpg
peak:-secrets-from-the-new-science-of-expertise,Peak: Secrets from the New Science of Expertise,,,Â£16.28,https://books.toscrape.com/media/cache/7c/04/7c04c7a92b5ba83361eba81fa364a2ca.jpg
"the-disappearing-spoon:-and-other-true-tales-of-madness,-love,-and-the-history-of-the-world-from-the-periodic-table-of-the-elements","The Disappearing Spoon: And Other True Tales of Madness, Love, and the History of the World from the Periodic Table of the Elements",,,Â£57.35,https://books.toscrape.com/media/cache/47/cd/47cd27d1ae8935f974541829eea328f2.jpg
"the-elegant-universe:-superstrings,-hidden-dimensions,-and-the-quest-for-the-ultimate-theory","The Elegant Universe: Superstrings, Hidden Dimensions, and the Quest for the Ultimate Theory",,,Â£13.03,https://books.toscrape.com/media/cache/5e/db/5edba3f8d50df6306bc5aa3f2516bd0c.jpg
"surely-you're-joking,-mr.-feynman!:-adventures-of-a-curious-character","Surely You're Joking, Mr. Feynman!: Adventures of a Curious Character",,,Â£25.83,https://books.toscrape.com/media/cache/a5/50/a550edf8668b36d52d37080a804944ab.jpg
the-selfish-gene,The Selfish Gene,,,Â£29.45,https://books.toscrape.com/media/cache/d7/63/d763b806d6f0fb6580f16d08e00bdba6.jpg
seven-brief-lessons-on-physics,Seven Brief Lessons on Physics,,,Â£30.60,https://books.toscrape.com/media/cache/ae/f9/aef933758e39ba5e4327b2152478bb1a.jpg
